;;;;;;;;;;;;;x,,,
AGRESSION_WAR_NAME_REPARATIONS_PEU_CHL;$ORDER$태평양 전쟁;;;;;;;;;;;;;;;;;;;;;;;;x
AGRESSION_WAR_NAME_REPARATIONS_BOL_CHL;$ORDER$태평양 전쟁;;;;;;;;;;;;;;;;;;;;;;;;x
AGRESSION_WAR_NAME_REPARATIONS_CHL_PBC;$ORDER$연방 전쟁;;;;;;;;;;;;;;;;;;;;;;;;x
NORMAL_WAR_NAME_REPARATIONS_CHL_PBC;$ORDER$연방 전쟁;;;;;;;;;;;;;;;;;;;;;;;;x
AGRESSION_CUT_DOWN_TO_SIZE_WAR_NAME_CHL_PBC;$ORDER$연방 전쟁;;;;;;;;;;;;;;;;;;;;;;;;x
NORMAL_CUT_DOWN_TO_SIZE_WAR_NAME_CHL_PBC;$ORDER$연방 전쟁;;;;;;;;;;;;;;;;;;;;;;;;x
NORMAL_WAR_NAME_REPARATIONS;$ORDER$$FIRST_COUNTRY$-$SECOND_COUNTRY$ 전쟁;;;;;;;;;;;;;;;;;;;;;;;;;;;;;x
AGRESSION_WAR_NAME_REPARATIONS;$ORDER$FIRST_COUNTRY$-$SECOND_COUNTRY$ 전쟁;;;;;;;;;;;;;;;;;;;;;;;;;;;;;x
colonial_conquest;식민지 정복;Colonial Conquest;;;;;;;;;;;;;;;;;;;;;;;;;;;;;x;;;;;;;;;;;;;;;;;;;;;
colonial_conquest_desc;쬨식민지 영유권쬦이 있는 적국에 속한 쬨주쬦를 획득합니다. 다만 쬟악명쬦을 무작위로 쬟0.5쬦~쬟2쬦 얻습니다.;Acquire an enemy 쬨state쬦 where we have 쬨colonial claims쬦, but this will gives us a random amount of 쬟infamy쬦 from 쬟0.5 to 2쬦.;;;;;;;;;;;;;;;;;;;;;;;;;;;;;x,,;;;;;;;;;;;;;;;;;;;;;
colonial_conquest_short;$STATE$ 획득;Acquire $STATE$;;;;;;;;;;;;;;;;;;;;;;;;;;;;;;;;;;;;x;;;;;;;;;;;;;;,,,
colonial_conquest_setup;$RECIPIENT$에 속한 $STATE$을(를) 획득합니다.;Acquire $STATE$ from $RECIPIENT$;;;;;;;;;;;;;;;;;;;;;;;;;;;;;;x;;;;;;;;;;;;;;,,,;;;;;;
war_reparations;전쟁배상금;;;;;;;;;;;;;;;;;;;;;;;;;;;;;x,,
war_reparations_desc;쬨적국쬦에게 쬨배상금쬦을 상환받습니다.;;;;;;;;;;;;;;;;;;;;;;;;;;;;;x,,
war_reparations_short;$RECIPIENT$에게 배상금 요구;;;;;;;;;;;;;;;;;;;;;;;;;;;;;x,,
war_reparations_setup;$RECIPIENT$에게 쬨배상금쬦을 상환받습니다.;;;;;;;;;;;;;;;;;;;;;;;;;;;;;x,,
install_democracy_make_puppet;민주괴뢰화;;;;;;;;;;;;;;;;;;;;;;x;;;;;;;;;;;;;;,,,
install_democracy_make_puppet_desc;적국의 수도에 쬨공화제쬦 괴뢰국을 수립합니다.;;;;;;;;;;;;;;;x;;;;;;;;;;;;;;,,,
install_democracy_make_puppet_short;$RECIPIENT$ 민주괴뢰화;;;;;;;;;;;;;;;;;;;;;;;;;;x;;;;;;;;;;;;;;,,,
install_democracy_make_puppet_setup;$RECIPIENT$을(를) 민주괴뢰화합니다.;;;;;;;;;;;;;;;;;;;;;;;x;;;;;;;;;;;;;;,,,
install_communism_make_puppet;공산괴뢰화;;;;;;;;;;;;;;;;;;;;;;x;;;;;;;;;;;;;;,,,
install_communism_make_puppet_desc;적국의 수도에 쬨공산당 독재제쬦 괴뢰국을 수립합니다.;;;;;;;;;;;;;;;x;;;;;;;;;;;;;;,,,
install_communism_make_puppet_short;$RECIPIENT$ 공산괴뢰화;;;;;;;;;;;;;;;;;;;;;;;;;;x;;;;;;;;;;;;;;,,,
install_communism_make_puppet_setup;$RECIPIENT$을(를) 공산괴뢰화합니다;;;;;;;;;;;;;;;;;;;;;;;x;;;;;;;;;;;;;;,,,
install_fascism_make_puppet;파쇼괴뢰화;;;;;;;;;;;;;;;;;;;;;;x;;;;;;;;;;;;;;,,,
install_fascism_make_puppet_desc;적국의 수도에 쬨파쇼 독재제쬦 괴뢰국을 수립합니다.;;;;;;;;;;;;;;;x;;;;;;;;;;;;;;,,,
install_fascism_make_puppet_short;$RECIPIENT$ 파쇼괴뢰화;;;;;;;;;;;;;;;;;;;;;;;;;;x;;;;;;;;;;;;;;,,,
install_fascism_make_puppet_setup;$RECIPIENT$을(를) 파쇼괴뢰화합니다.;;;;;;;;;;;;;;;;;;;;;;;x;;;;;;;;;;;;;;,,,
NORMAL_WAR_LIBERATE_NAME_FRA_EGY;$ORDER$프랑스의 이집트 개입;;;;;;;;;;;;;;;;;;;;;;;;x
NORMAL_WAR_LIBERATE_NAME_NET_EGY;$ORDER$네덜란드의 이집트 개입;;;;;;;;;;;;;;;;;;;;;;;;x
NORMAL_WAR_LIBERATE_NAME_SPA_EGY;$ORDER$에스파냐의 이집트 개입;;;;;;;;;;;;;;;;;;;;;;;;x
NORMAL_WAR_LIBERATE_NAME_AUS_EGY;$ORDER$오스트리아의 이집트 개입;;;;;;;;;;;;;;;;;;;;;;;;x
NORMAL_WAR_LIBERATE_NAME_RUS_EGY;$ORDER$러시아의 이집트 개입;;;;;;;;;;;;;;;;;;;;;;;;x
NORMAL_WAR_LIBERATE_NAME_PRU_EGY;$ORDER$프로이센의 이집트 개입;;;;;;;;;;;;;;;;;;;;;;;;x
NORMAL_WAR_LIBERATE_NAME_ENG_EGY;$ORDER$영국의 이집트 개입;;;;;;;;;;;;;;;;;;;;;;;;x
AGRESSION_WAR_NAME_TUR_ITA;$ORDER$이탈리아-튀르크 전쟁;;;;;;;;;;;;;;;;;;;;;;;;;;;;;x;
NORMAL_WAR_PUPPET_NAME_QNG_PGG;$ORDER$판사이 봉기;;;;;;;;;;;;;;;;;;;;;;;;;;;;;x;
NORMAL_WAR_PUPPET_NAME_QNG_UYG;$ORDER$둥간 혁명;;;;;;;;;;;;;;;;;;;;;;;;;;;;;x;
NORMAL_WAR_CONQUEST_ANY_NAME_QNG_XBI;$ORDER$둥간 반란;;;;;;;;;;;;;;;;;;;;;;;;;;;;;x;
AGRESSION_WAR_CONQUEST_ANY_NAME_BHR_QAT;$ORDER$카타르-바레인 전쟁;;;;;;;;;;;;;;;;;;;;;;;;;;;;;x;
NORMAL_WAR_CONQUEST_ANY_NAME_BHR_QAT;$ORDER$카타르-바레인 전쟁;;;;;;;;;;;;;;;;;;;;;;;;;;;;;x;
AGRESSION_WAR_CONQUEST_ANY_NAME_RUS_CIR;$ORDER$러시아-체르케스 전쟁;;;;;;;;;;;;;;;;;;;;;;;;;;;;;x;
NORMAL_WAR_CONQUEST_ANY_NAME_RUS_CIR;$ORDER$러시아-체르케스 전쟁;;;;;;;;;;;;;;;;;;;;;;;;;;;;;x;
AGRESSION_WAR_CONQUEST_ANY_NAME_RUS_DAG;$ORDER$무리드 전쟁;;;;;;;;;;;;;;;;;;;;;;;;;;;;;x;
NORMAL_WAR_CONQUEST_ANY_NAME_RUS_DAG;$ORDER$무리드 전쟁;;;;;;;;;;;;;;;;;;;;;;;;;;;;;x;
AGRESSION_WAR_CONQUEST_ANY_NAME_ENG_PNJ;$ORDER$영국-펀자브 전쟁;;;;;;;;;;;;;;;;;;;;;;;;;;;;;x;
NORMAL_WAR_CONQUEST_ANY_NAME_ENG_PNJ;$ORDER$영국-펀자브 전쟁;;;;;;;;;;;;;;;;;;;;;;;;;;;;;x;
NORMAL_CIVIL_WAR_NAME_ARC_ENT;$ORDER$내전;;;;;;;;;;;;;;;;;;;;;;;;;;;;;;;x;
AGRESSION_CIVIL_WAR_NAME_ARC_ENT;$ORDER$내전;;;;;;;;;;;;;;;;;;;;;;;;;;;;;;;x;
NO_ALLOWED_STATES;(해당국 없음);;;;;;;;;;;;;;;;;;;;;;;;;;x
po_reduce_prestige;위신이 $-$VALUE$$ 감소합니다.;;;;;;;;;;;;;;;;;;;;;;;;;;;;;;;;;;;;;x;;;;
NORMAL_PUNITIVE_EXPEDITION_WAR_NAME;$ORDER$$FIRST_COUNTRY$-$SECOND_COUNTRY$ 전쟁;;;;;;;;;;;;;;;;;;;;x,,,
AGRESSION_PUNITIVE_EXPEDITION_WAR_NAME;$ORDER$$FIRST_COUNTRY$-$SECOND_COUNTRY$ 전쟁;;;;;;;;;;;;;;;;;;;;x,,,
NORMAL_PUNITIVE_EXPEDITION_WAR_NAME_ENG_QNG;$ORDER$아편 전쟁;;;;;;;;;;;;;;;;;x,,,
treaty_port_casus_belli;불평등조약;;;;;;;;;;;;;;;x;;;;
treaty_port_casus_belli_desc;쬨국가쬦에게 쬨조약항쬦 할양과 쬨불평등조약쬨을 요구합니다.;;;;;;;;;;;;;;;;x
treaty_port_casus_belli_short;$RECIPIENT$에게 불평등조약 요구;;;;;;;;;;;;;;;;;;;;;;x;;;;
treaty_port_casus_belli_setup;$RECIPIENT$에게 조약항 할양과 불평등조약을 요구합니다.;;;;;;;;;;;;;;;;;;;;;;;x
NORMAL_WAR_CONQUEST_NAME_HAI_DOM;$ORDER$도미니카 독립 전쟁;;;;;;;;;;;;x,,,
AGRESSION_WAR_CONQUEST_NAME_HAI_DOM;$ORDER$도미니카 독립 전쟁;;;;;;;;;;;;x,,,
AGRESSION_WAR_GUNBOAT_NAME;포함 외교;;;;;;;;;;;;;x,,,
status_quo;원상 복구;;;;;;;;;;;;;x,,,
AGRESSION_WAR_BOXER_NAME;의화단 전쟁;;;;;;;;;;;;;x,,,
call_allies_cb;동맹군 소집;;;;;;;;;;;;;x,,,
call_allies_cb_desc;동맹국에 참전을 요청합니다.;;;;;;;;;;;;;x,,,
AGRESSION_WAR_ALL_CORES_NAME;$ORDER$$FIRST_COUNTRY$-$SECOND_COUNTRY$ 전쟁;;;;;;;;;;;;;x,,,
NORMAL_WAR_ALL_CORES_NAME;$ORDER$$FIRST_COUNTRY$-$SECOND_COUNTRY$ 전쟁;;;;;;;;;;;;;x,,,
AGRESSION_WAR_HUMILIATE_NAME;$ORDER$$FIRST_COUNTRY$-$SECOND_COUNTRY$ 전쟁;$ORDER$guerre pour l'honneur $FIRST_COUNTRY$-$SECOND_COUNTRY$;$ORDER$$FIRST_COUNTRY$-$SECOND_COUNTRY$ Krieg der Ehre;;;;;;;;;;;x,,,
AGRESSION_WAR_PUPPET_NAME;$ORDER$$FIRST_COUNTRY$-$SECOND_COUNTRY$ 전쟁;$ORDER$guerre de $FIRST_COUNTRY$ pour le contr?e de $SECOND_COUNTRY$;$ORDER$Krieg um die Kontrolle von$FIRST_COUNTRY$$ ?er $SECOND_COUNTRY$;;;;;;;;;;;x,,,
NORMAL_CUT_DOWN_TO_SIZE_WAR_NAME;$ORDER$$FIRST_COUNTRY$-$SECOND_COUNTRY$ 전쟁;Guerre $ORDER$$FIRST_COUNTRY$-$SECOND_COUNTRY$;$ORDER$$FIRST_COUNTRY$-$SECOND_COUNTRY$er Krieg;Baza;Guerra $ORDER$$FIRST_COUNTRY$-$SECOND_COUNTRY$;Base:;Alap:;Z?ladna:;;;;;;x,,,
AGRESSION_CUT_DOWN_TO_SIZE_WAR_NAME;$ORDER$$FIRST_COUNTRY$-$SECOND_COUNTRY$ 전쟁;$ORDER$$FIRST_COUNTRY$ guerre d'aggression;$ORDER$$FIRST_COUNTRY$er Angriffskrieg;Wojna $ORDER$$FIRST_COUNTRY$-$SECOND_COUNTRY$;$ORDER$Guerra de $FIRST_COUNTRY$ agresi?;$ORDER$Guerra$FIRST_COUNTRY$$$SECOND_COUNTRY$$;$ORDER$FIRST_COUNTRY$$$SECOND_COUNTRY$$ h?or?$ORDE$FIRST_COUNTRY$T$SECOND_COUNTRY$D$ v?ka;;;;;;x,,,
NORMAL_WAR_DISMANTLE_NAME;$ORDER$$FIRST_COUNTRY$-$SECOND_COUNTRY$ 전쟁;Grande Guerre $ORDER$$FIRST_COUNTRY$-$SECOND_COUNTRY$;$ORDER$$FIRST_COUNTRY$-$SECOND_COUNTRY$ Gr秤er Krieg;Baza;Base:;Base:;Alap:;Z?ladna:;;;;;;;x;;;;;;;;;;;;;;,,,
AGRESSION_WAR_DISMANTLE_NAME;$ORDER$$FIRST_COUNTRY$-$SECOND_COUNTRY$ 전쟁;$ORDER$Offensive Militaire $FIRST_COUNTRY$;$ORDER$$FIRST_COUNTRY$ Angriffskrieg;Wojna $ORDER$$FIRST_COUNTRY$-$SECOND_COUNTRY$;Guerra $ORDER$$FIRST_COUNTRY$-$SECOND_COUNTRY$;$ORDER$Guerra $FIRST_COUNTRY$-$SECOND_COUNTRY$;$ORDER$$FIRST_COUNTRY$-$SECOND_COUNTRY$ h?or?$ORDER$FIRST_COUNTRY$$$SECOND_COUNTRY$$ v?ka;;;;;;;x;;;;;;;;;;;;;;,,,
NORMAL_WAR_AUSTRIAN_EMPIRE_NAME;$ORDER$$FIRST_COUNTRY$-$SECOND_COUNTRY$ 전쟁;;;;;;;;;;;;;x,,,
AGRESSION_WAR_AUSTRIAN_EMPIRE_NAME;$ORDER$$FIRST_COUNTRY$-$SECOND_COUNTRY$ 전쟁;;;;;;;;;;;;;x,,,
NORMAL_WAR_FREE_BALKANS_NAME;$ORDER$$FIRST_COUNTRY$-$SECOND_COUNTRY$ 발칸 전쟁;;;;;;;;;;;;;x,,,
AGRESSION_WAR_FREE_BALKANS_NAME;$ORDER$$FIRST_COUNTRY$-$SECOND_COUNTRY$ 발칸 전쟁;;;;;;;;;;;;;x,,,
NORMAL_WAR_MONROE_DOCTRINE_NAME;$ORDER$$FIRST_COUNTRY$-$SECOND_COUNTRY$ 전쟁;;;;;;;;;;;;;x,,,
AGRESSION_WAR_MONROE_DOCTRINE_NAME;$ORDER$$FIRST_COUNTRY$-$SECOND_COUNTRY$ 전쟁;;;;;;;;;;;;;x,,,
NORMAL_WAR_RESTORE_AMERICA_NAME;$ORDER$$FIRST_COUNTRY$-$SECOND_COUNTRY$ 전쟁;;;;;;;;;;;;;x,,,
AGRESSION_WAR_RESTORE_AMERICA_NAME;$ORDER$$FIRST_COUNTRY$-$SECOND_COUNTRY$ 전쟁;;;;;;;;;;;;;x,,,
NORMAL_WAR_HOLY_LAND_NAME;$ORDER$$FIRST_COUNTRY$-$SECOND_COUNTRY$ 레반트 전쟁;;;;;;;;;;;;;x,,,
AGRESSION_WAR_HOLY_LAND_NAME;$ORDER$$FIRST_COUNTRY$-$SECOND_COUNTRY$ 레반트 전쟁;;;;;;;;;;;;;x,,,
NORMAL_WAR_BRITISH_RAJ_NAME;$ORDER$$ $FIRST_COUNTRY$-$SECOND_COUNTRY$ 전쟁;;;;;;;;;;;;;x,,,
AGRESSION_WAR_BRITISH_RAJ_NAME;$ORDER$$FIRST_COUNTRY$-$SECOND_COUNTRY$ 전쟁;;;;;;;;;;;;;x,,,
NORMAL_CIVIL_WAR_NAME_USA_FSA;$ORDER$미국 내전;$ORDER$guerre de r?ellion;$ORDER$Rebellionskrieg;;;;;;;;;;;x,,,
NORMAL_CIVIL_WAR_NAME_USA_CSA_USA;$ORDER$미국 내전;$ORDER$guerre de r?ellion;$ORDER$Rebellionskrieg;;;;;;;;;;;x
NORMAL_WAR_SAHEL_JIHAD_NAME;$ORDER$$FIRST_COUNTRY$-$SECOND_COUNTRY$ 성전;;;;;;;;;;;;;x,,,
AGRESSION_WAR_SAHEL_JIHAD_NAME;$ORDER$$FIRST_COUNTRY$-$SECOND_COUNTRY$ 성전;;;;;;;;;;;;;x,,,
NORMAL_WAR_RESTORE_ORDER_NAME_ARG_ENT;$ORDER$$FIRST_COUNTRY$-$SECOND_COUNTRY$ 전쟁;;;;;;;;;;;;;x,,,
AGRESSION_WAR_RESTORE_ORDER_NAME_ARG_ENT;$ORDER$$FIRST_COUNTRY$-$SECOND_COUNTRY$ 전쟁;;;;;;;;;;;;;x,,,
NORMAL_CIVIL_WAR_NAME_TKG_SAT;$ORDER$보신 전쟁;;;;;;;;;;;;x,,,
NORMAL_CIVIL_WAR_NAME_TKG_CHO;$ORDER$보신 전쟁;;;;;;;;;;;;x,,,
NORMAL_CIVIL_WAR_NAME_TKG_TOS;$ORDER$보신 전쟁;;;;;;;;;;;;x,,,
NORMAL_CIVIL_WAR_NAME_TKG_KAG;$ORDER$보신 전쟁;;;;;;;;;;;;x,,,
NORMAL_CIVIL_WAR_NAME_TKG_SEN;$ORDER$보신 전쟁;;;;;;;;;;;;x,,,
NORMAL_CIVIL_WAR_NAME_TKG_YZW;$ORDER$보신 전쟁;;;;;;;;;;;;x,,,
NORMAL_WAR_RESTORE_ORDER_NAME_ENG_TRN;$ORDER$보어 전쟁;;;;;;;;;;;;x,,,
NORMAL_WAR_RESTORE_ORDER_NAME_ENG_ORA;$ORDER$보어 전쟁;;;;;;;;;;;;x,,,
NORMAL_WAR_RESTORE_ORDER_NAME_ENG_NAL;$ORDER$보어 전쟁;;;;;;;;;;;;x,,,
NORMAL_WAR_PUPPET_NAME_TUR_EGY;$ORDER$동방 위기;;;;;;;;;;;;x,,,
NORMAL_WAR_TAKE_NAME_ENG_QNG;$ORDER$아편 전쟁;;;;;;;;;;;;x,,,
NORMAL_WAR_TAKE_CORE_NAME_SHW_GON;판관시대;;;;;;;;;;;;x,,,
NORMAL_WAR_RESTORE_ORDER_NAME_SHW_GON;판관시대;;;;;;;;;;;;x,,,
NORMAL_WAR_TAKE_CORE_NAME_SHW_TIG;판관시대;;;;;;;;;;;;x,,,
NORMAL_WAR_RESTORE_ORDER_NAME_SHW_TIG;판관시대;;;;;;;;;;;;x,,,
NORMAL_WAR_TAKE_CORE_NAME_GON_SHW;판관시대;;;;;;;;;;;;x,,,
NORMAL_WAR_RESTORE_ORDER_NAME_GON_SHW;판관시대;;;;;;;;;;;;x,,,
NORMAL_WAR_TAKE_CORE_NAME_GON_TIG;판관시대;;;;;;;;;;;;x,,,
NORMAL_WAR_RESTORE_ORDER_NAME_GON_TIG;판관시대;;;;;;;;;;;;x,,,
NORMAL_WAR_TAKE_CORE_NAME_TIG_SHW;판관시대;;;;;;;;;;;;x,,,
NORMAL_WAR_RESTORE_ORDER_NAME_TIG_SHW;판관시대;;;;;;;;;;;;x,,,
NORMAL_WAR_TAKE_CORE_NAME_TIG_GON;판관시대;;;;;;;;;;;;x,,,
NORMAL_WAR_RESTORE_ORDER_NAME_TIG_GON;판관시대;;;;;;;;;;;;x,,,
NORMAL_CUT_DOWN_TO_SIZE_WAR_NAME_RUS_TUR;$ORDER$크림 전쟁;;;;;;;;;;;;x,,,
AGRESSION_CUT_DOWN_TO_SIZE_WAR_NAME_RUS_TUR;$ORDER$크림 전쟁;;;;;;;;;;;;x,,,
NORMAL_WAR_FREE_ALLIED_CORE_NAME;$ORDER$$FIRST_COUNTRY$ $COUNTRY$ 해방 전쟁;;;;;;;;;;;;x,,,
AGRESSION_WAR_FREE_ALLIED_CORE_NAME;$ORDER$$FIRST_COUNTRY$ $COUNTRY$ 해방 전쟁;;;;;;;;;;;;x,,,
NORMAL_WAR_COLONIAL_RECONQUEST_NAME;$ORDER$$FIRST_COUNTRY$ 식민지 재정복 전쟁;;;;;;;;;;;;x,,,
AGRESSION_WAR_COLONIAL_RECONQUEST_NAME;$ORDER$$FIRST_COUNTRY$ 식민지 재정복 전쟁;;;;;;;;;;;;x,,,
NORMAL_WAR_PUPPET_NAME_TUR_ROM;$ORDER$루마니아 독립 전쟁;;;;;;;;;;;;x,,,
AGRESSION_WAR_PUPPET_NAME_TUR_ROM;$ORDER$루마니아 독립 전쟁;;;;;;;;;;;;x,,,
NORMAL_WAR_PUPPET_NAME_ENG_IRE;$ORDER$아일랜드 독립 전쟁;;;;;;;;;;;;x,,,
AGRESSION_WAR_PUPPET_NAME_ENG_IRE;$ORDER$아일랜드 독립 전쟁;;;;;;;;;;;;x,,,
NORMAL_CIVIL_WAR_NAME_NEJ_HAL;$ORDER$아라비아 패권 전쟁;;;;;;;;;;;;x,,,
NORMAL_CIVIL_WAR_NAME_HAL_NEJ;$ORDER$아라비아 패권 전쟁;;;;;;;;;;;;x,,,
NORMAL_WAR_NAME_ENG_USA;$ORDER$$FIRST_COUNTRY$-$SECOND_COUNTRY$ 전쟁;;;;;;;;;;;;x,,,
NORMAL_WAR_TAKE_NAME_ENG_USA;$ORDER$$FIRST_COUNTRY$ $STATE$ 정복 전쟁;;;;;;;;;;;;x,,,
NORMAL_WAR_TAKE_CORE_NAME_ENG_USA;$ORDER$$FIRST_COUNTRY$ $STATE$ 해방 전쟁;;;;;;;;;;;;x,,,
AGRESSION_WAR_ALL_CORES_NAME_USA_MEX;$ORDER$미국-멕시코 전쟁;;;;;;;;;;;;x,,,
NORMAL_WAR_ALL_CORES_NAME_USA_MEX;$ORDER$미국-멕시코 전쟁;;;;;;;;;;;;x,,,
AGRESSION_CIVIL_WAR_NAME_QNG_TPG;$ORDER$태평천국의 난;;;;;;;;;;;;x,,,
NORMAL_CIVIL_WAR_NAME_QNG_TPG;$ORDER$태평천국의 난;;;;;;;;;;;;x,,,
punitive_effects;국가적 모욕;Humiliation Nationale;Nationale Erniedrigung;;;;;;;;;;;;x;;;;;;;;;;;;;;,,,
punitive_effects_desc;패전의 굴욕과 징벌적인 배상금이 국민들을 힘들게 하고 있습니다. 누군가 먼저 우리에게 전쟁을 선포하지 않으면 우리는 전쟁을 치를 수 없습니다.;;;;;;;;;;;;;x,,
no_more_war;염전주의;Nous ne Voulons pas la Guerre;Wir W?schen Nicht Krieg;;;;;;;;;;;;x;;;;;;;;;;;;;;,,,
no_more_war_desc;국민은 전쟁에 질렸습니다. 조만간 국민들이 전쟁에 열의를 갖는 것은 어려울 것이며, 그 동안의 전쟁 수행 능력은 매우 제한적일 것입니다.(이 모디파이어가 지속되는 동안은 전쟁 명분을 날조할 수 없음을 의미합니다!);;;;;;;;;;;;;x,,
end_the_war;전쟁 종결;La Guerre Doit Finir;Der Krieg Muss Beenden;;;;;;;;;;;;x;;;;;;;;;;;;;;,,,
end_the_war_desc;적은 패배했습니다. 국민들은 의도했던 모든 것을 얻지는 못하더라도 전쟁을 끝내라고 요구합니다.;;;;;;;;;;;;;x,,
international_pariah;국제 왕따;Paria International;Internationales Ausgestossen;;;;;;;;;;;;x;;;;;;;;;;;;;;,,,
international_pariah_desc;공격적인 대외 정책으로 인해 국제사회에서 버림받았습니다.;;;;;;;;;;;;;x,,,
great_war;총력전;Guerre Totale;Gr秤er Krieg;;;;;;;;;;;;x;;;;;;;;;;;;;;,,,
great_war_desc;적과 전면전을 벌이고 있습니다. 하나로 뭉치지 않으면 우리의 모든 것이 파괴될 것입니다.;;;;;;;;;;;;;x,,
great_war2;전쟁의 요구;Les Demandes de la Guerre;Die Nachfragen des Krieges;;;;;;;;;;;x,,,
great_war2_desc;엄청난 부족이 국민들의 전쟁 열의를 약화시키고 있습니다.;;;;;;;;;;;;;x,,,
great_war3;헛수고?;Est-il Tout Pour Rien?;Ist Alles F? Nichts?;;;;;;;;;;;x,,,
great_war3_desc;전쟁을 빨리 끝내지 않으면 상황은 점점 악화될 것입니다.;;;;;;;;;;;;;x,,
dismantle_cb;국가 해체;Grande Guerre;Gesamtkrieg;;;;;;;;;;;;x;;;;;;;;;;;;;;,,,
dismantle_cb_desc;적 쬨강대국쬦의 식민제국을 해체하고 배상금을 상환받습니다.;Obliger un autre $pays$ ?se d?armer et ?nous verser des compensations;Zwischen Sie ein anderes$YLan$W zur Abr?tung und zu Reparationszahlungen an uns.;;;;;;;;;;;x,,,
dismantle_cb_short;$RECIPIENT$ 해체;R?uire $RECIPIENT$;Reduzieren Sie die Gr秤e von $RECIPIENT$;;;;;;;;;;;;x;;;;;;;;;;;;;;,,,
dismantle_cb_setup;$RECIPIENT$을(를) 해체합니다.;R?uire $RECIPIENT$;Reduzieren Sie die Gr秤e von $RECIPIENT$;;;;;;;;;;;;x;;;;;;;;;;;;;;,,,
dismantle_cb_add;국가 해체;Grande Guerre;;;;;;;;;;;;;x;;;;;;;;;;;;;;,,,
dismantle_cb_add_desc;적 쬨강대국쬦의 식민제국을 해체하고 배상금을 상환받습니다.;Zwischen Sie ein anderes$YLan$W zur Abr?tung und zu Reparationszahlungen an uns.;;;;;;;;;;;x,,,
dismantle_cb_add_short;$RECIPIENT$ 해체;;;;;;;;;;;;;x;;;;;;;;;;;;;;,,,
dismantle_cb_add_setup;$RECIPIENT$을(를) 해체합니다.;;$;;;;;;;;;;;;x;;;;;;;;;;;;;;,,,
dismantle_cb_add_new;국가 해체;Dismantle Nation;Grande Guerre;Gr秤er Krieg;;;;;;;;;;;;x;;;;;;;;;;;;;;;
dismantle_cb_add_new_desc;적 쬨강대국쬦의 식민제국을 해체하고 전쟁배상금을 상환받습니다.;Force an enemy 쬨great power쬦 to dismantle their empire and pay reparations;Obliger un autre 쬨pays쬦 쬦se d쬦armer et 쬦nous verser des compensations;Zwischen Sie ein anderes 쬨Land쬦 zur Abr쬦tung und zu Reparationszahlungen an uns.;;;;;;;;;;;x,,,;;;;;;;;;;;;;;;;
dismantle_cb_add_new_short;$RECIPIENT$ 해체;Force $RECIPIENT$ to dismantle their empire;R쬦uire $RECIPIENT$;Reduzieren Sie die Gr秤e von $RECIPIENT$;;;;;;;;;;;;x;;;;;;;;;;;;;;;
dismantle_cb_add_new_setup;$RECIPIENT$을(를) 해체합니다.;Force $RECIPIENT$ to dismantle their empire;R쬦uire $RECIPIENT$;Reduzieren Sie die Gr秤e von $RECIPIENT$;;;;;;;;;;;;x;;;;;;;;;;;;;;;
great_war_install_democracy;민주화;;;;;;;;;;;;;x;;;;;;;;;;;;;;,,,
great_war_install_democracy_desc;적국의 수도에 쬨우호적인 민주주의 정부쬦를 수립합니다.;;;;;;;;;;;;;;x;;;;;;;;;;;;;;,,,
great_war_install_democracy_short;$RECIPIENT$ 민주화;Install a friendly democracy in $RECIPIENT$;Install a friendly democracy in $RECIPIENT$;;;;;;;;;;;;x;;;;;;;;;;;;;;,,,
great_war_install_democracy_setup;$RECIPIENT$에 민주공화제 체제를 수립합니다.;Install a friendly democracy in $RECIPIENT$;Install a friendly democracy in $RECIPIENT$;;;;;;;;;;;;x;;;;;;;;;;;;;;,,,
great_war_install_fascism;극우화;Installez le fascisme;Bringen Sie Faschismus an;;;;;;;;;;;;x;;;;;;;;;;;;;;,,,
great_war_install_fascism_desc;적국의 수도에 쬨우호적인 파쇼주의 정부쬦를 수립합니다.;Install a $friendly fascist government$ in the country's capital;Install a $friendly fascist government$ in the country's capital;;;;;;;;;;;;x;;;;;;;;;;;;;;,,,
great_war_install_fascism_short;$RECIPIENT$ 극우화;Install a fascist government in $RECIPIENT$;Install a fascist government in $RECIPIENT$;;;;;;;;;;;;x;;;;;;;;;;;;;;,,,
great_war_install_fascism_setup;$RECIPIENT$에 파쇼 독재제 체제를 수립합니다.;Install a fascist government in $RECIPIENT$;Install a fascist government in $RECIPIENT$;;;;;;;;;;;;x;;;;;;;;;;;;;;,,,
great_war_install_communism;공산화;Installez le communisme;Bringen Sie Kommunismus an;;;;;;;;;;;;x;;;;;;;;;;;;;;,,,
great_war_install_communism_desc;적국의 수도에 쬨우호적인 공산주의 정부쬦를 수립합니다.;Install a $friendly communist government$ in the country's capital;Install a $friendly communist government$ in the country's capital;;;;;;;;;;;;x;;;;;;;;;;;;;;,,,
great_war_install_communism_short;$RECIPIENT$ 공산화;Install a communist government in $RECIPIENT$;Install a communist government in $RECIPIENT$;;;;;;;;;;;;x;;;;;;;;;;;;;;,,,
great_war_install_communism_setup;$RECIPIENT$에 공산당 독재제 체제를 수립합니다.;Install a communist government in $RECIPIENT$;Install a communist government in $RECIPIENT$;;;;;;;;;;;;x;;;;;;;;;;;;;;,,,
install_democracy;민주화;Installez la d?ocratie;Verursachen Sie Demokratie;;;;;;;;;;;;x;;;;;;;;;;;;;;,,,
install_democracy_desc;적국의 수도에 쬨우호적인 민주주의 정부쬦를 수립합니다.;Install a $friendly democracy$ in the target country's capital;Install a $friendly democracy$ in the target country's capital;;;;;;;;;;;;x;;;;;;;;;;;;;;,,,
install_democracy_short;$RECIPIENT$ 민주화;Install a friendly democracy in $RECIPIENT$;Install a friendly democracy in $RECIPIENT$;;;;;;;;;;;;x;;;;;;;;;;;;;;,,,
install_democracy_setup;$RECIPIENT$에 민주공화제 체제를 수립합니다.;Install a friendly democracy in $RECIPIENT$;Install a friendly democracy in $RECIPIENT$;;;;;;;;;;;;x;;;;;;;;;;;;;;,,,
install_fascism;극우화 수립;Installez le fascisme;Bringen Sie Faschismus an;;;;;;;;;;;;x;;;;;;;;;;;;;;,,,
install_fascism_desc;적국의 수도에 쬨우호적인 파쇼주의 정부쬦를 수립합니다.;Install a $friendly fascist government$ in the country's capital;Install a $friendly fascist government$ in the country's capital;;;;;;;;;;;;x;;;;;;;;;;;;;;,,,
install_fascism_short;$RECIPIENT$ 극우화;Install a fascist government in $RECIPIENT$;Install a fascist government in $RECIPIENT$;;;;;;;;;;;;x;;;;;;;;;;;;;;,,,
install_fascism_setup;$RECIPIENT$에 파쇼 독재제 체제를 수립합니다.;Install a fascist government in $RECIPIENT$;Install a fascist government in $RECIPIENT$;;;;;;;;;;;;x;;;;;;;;;;;;;;,,,
install_communism;공산화;Installez le communisme;Bringen Sie Kommunismus an;;;;;;;;;;;;x;;;;;;;;;;;;;;,,,
install_communism_desc;적국의 수도에 쬨우호적인 공산주의 정부쬦를 수립합니다.;Install a $friendly communist government$ in the country's capital;Install a $friendly communist government$ in the country's capital;;;;;;;;;;;;x;;;;;;;;;;;;;;,,,
install_communism_short;$RECIPIENT$ 공산화;Install a communist government in $RECIPIENT$;Install a communist government in $RECIPIENT$;;;;;;;;;;;;x;;;;;;;;;;;;;;,,,
install_communism_setup;$RECIPIENT$에 공산당 독재제 체제를 수립합니다.;Install a communist government in $RECIPIENT$;Install a communist government in $RECIPIENT$;;;;;;;;;;;;x;;;;;;;;;;;;;;,,,
great_war_liberate;해방;Liberate;Peuple libre;Freies Volk;;;;;;;;;;;;x;;;;;;;;;;;;;;;
great_war_liberate_desc;적국에 속한 쬨국가쬦를 해방합니다.;Liberate a 쬨country쬦 from its oppressors;Lib쬦er un 쬨pays쬦 de ses oppresseurs;Befreien Sie ein 쬨Land쬦 von seinen Unterdr쬦kern.;;;;;;;;;;;x,,,;;;;;;;;;;;;;;;;
great_war_liberate_short;$THIRD$ $STATE$ 회복;$THIRD$ acquires $STATE$;$THIRD$ prend $STATE$;$THIRD$ erwirbt $STATE$;;;;;;;;;;;;x;;;;;;;;;;;;;;;
great_war_liberate_setup;$STATE$을(를) $RECIPIENT$에게서 $THIRD$에게 반환합니다.;Hand $STATE$ back to $THIRD$ from $RECIPIENT$;Prendre $STATE$ 쬦$RECIPIENT$ pour le rendre 쬦$THIRD$;Geben Sie $STATE$ an $THIRD$ von $RECIPIENT$ zur쬦k;;;;;;;;;;;;x;;;;;;;;;;;;;;;
great_war_acquire_core;영유권 보유 지역 탈환;Acquire core;Prendre territoire cl쬦Kernprovinz erwerben;;;;;;;;;;;;x;;;;;;;;;;;;;;;
great_war_acquire_core_desc;적국에 속한 쬨영유권 보유 지역쬦이 위치한 쬨주쬦를 탈환합니다.;Aquire an enemy 쬨state쬦 where we have 쬨core provinces쬦;Prendre un 쬨쬦at쬦 ennemi o쬦nous avons des 쬨provinces principales쬦;Erobern Sie einen feindlichen 쬨Staat쬦, in dem wir 쬨Kernprovinzen쬦 haben.;;;;;;;;;;;x,,;;;;;;;;;;;;;;;;
great_war_acquire_core_setup;$RECIPIENT$이(가) 점유한 $STATE$을(를) 탈환합니다.;Acquire core $STATE$ from $RECIPIENT$;Prendre 쬦at cl쬦$STATE$ de $RECIPIENT$;Kern-$STATE$ von $RECIPIENT$ erwerben;;;;;;;;;;;;x;;;;;;;;;;;;;;;
great_war_acquire_core_short;$STATE$ 탈환;Acquire $STATE$;Prendre $STATE$;$STATE$ erwerben;;;;;;;;;;;;x;;;;;;;;;;;;;;;
great_war_place_in_the_sun;식민지 할양;Place in the sun;Une place au soleil;Ein Platz an der Sonne;;;;;;;;;;;;x;;;;;;;;;;;;;;;
great_war_place_in_the_sun_desc;적국에 속한 쬨식민주쬦를 획득합니다.;Aquire an enemy 쬨colonial state쬦;Prendre un 쬨쬦at colonial쬦 ennemi;Erobern Sie einen feindlichen 쬨Kolonialstaat쬦.;;;;;;;;;;;x,,,;;;;;;;;;;;;;;;;
great_war_place_in_the_sun_setup;$RECIPIENT$이(가) 점유한 $STATE$을(를) 획득합니다.;Acquire colony $STATE$ from $RECIPIENT$;Prendre colonie $STATE$ de $RECIPIENT$;Kolonie $STATE$ von $RECIPIENT$ erwerben;;;;;;;;;;;;x;;;;;;;;;;;;;;;
great_war_place_in_the_sun_short;$STATE$ 획득;Acquire $STATE$;Prendre $STATE$;$STATE$ erwerben;;;;;;;;;;;;x;;;;;;;;;;;;;;;
great_war_release_puppet;괴뢰국 해방;Release Protectorate;Lib쬦er un 쬦at fantoche;Marionettenstaat entlassen;;;;;;;;;;;x,,,;;;;;;;;;;;;;;;;
great_war_release_puppet_short;$THIRD$ 해방;$THIRD$ is released;$THIRD$ est lib쬦쬦$THIRD$ wurde entlassen;;;;;;;;;;;x,,,;;;;;;;;;;;;;;;;
great_war_release_puppet_setup;$RECIPIENT$이(가) 점유한 $THIRD$을(를) 해방합니다.;Release $THIRD$ from $RECIPIENT$;Lib쬦er $THIRD$ de $RECIPIENT$;Entlassen Sie $THIRD$ aus $RECIPIENT$;;;;;;;;;;;x,,,;;;;;;;;;;;;;;;;
great_war_release_puppet_desc;적국에 속한 쬨괴뢰국쬦을 해방합니다.;Release a 쬨country쬦 from its sovereign nation;Lib쬦er un 쬨pays쬦 de sa nation souveraine;Entlassen Sie ein 쬨Land쬦 von seinem Herrenland.;;;;;;;;;;;x,,,;;;;;;;;;;;;;;;;
great_war_take_from_sphere;영향권 강탈;Take from sphere of influence;Prendre 쬦la sph쬦e d'influence;Aus Einflusssph쬦e entfernen;;;;;;;;;;;;x;;;;;;;;;;;;;;;
great_war_take_from_sphere_desc;적국의 쬨영향권쬦에 속한 국가를 영향권에 편입합니다.;Remove a country from someone's 쬨Sphere of Influence쬦 and add it to our own;Supprimer un pays de la 쬨sph쬦e d'influence쬦 de quelqu'un et l'ajouter 쬦la n쬦re;Entfernen Sie ein Land aus einer anderen 쬨Einflusssph쬦e쬦 und f쬦en Sie es Ihrer eigenen hinzu.;;;;;;;;;;;x,,,;;;;;;;;;;;;;;;;
great_war_take_from_sphere_short;$THIRD$ 영향권 강탈;Take $THIRD$ from sphere of influence;Prendre $THIRD$ 쬦la sph쬦e d'influence;$THIRD$ aus Einflusssph쬦e entfernen;;;;;;;;;;;;x;;;;;;;;;;;;;;;
great_war_take_from_sphere_setup;$RECIPIENT$의 영향권에 속한 $THIRD$을(를) 영향권에 편입합니다.;Take $THIRD$ from $RECIPIENT$'s sphere of influence;Prendre $THIRD$ 쬦la sph쬦e d'influence de $RECIPIENT$;$THIRD$ aus Einflusssph쬦e von $RECIPIENT$ entfernen;;;;;;;;;;;;x;;;;;;;;;;;;;;;
add_to_sphere_AI;영향권 편입;ajouter ?la sph?e;In Einflusssph?e aufnehmen;;;;;;;;;;;;x;;;;;;;;;;;;;;,,,
add_to_sphere_AI_desc;해당 국가를 쬨영향권쬦에 편입합니다.;Ajouter un pays ?notre $sph?e d'influenc$W;F?en Sie das Land Ihr$쬨Einflusssph$e쬦 hinzu.;;;;;;;;;;;x,,,
add_to_sphere_AI_short;$RECIPIENT$ 영향권 편입;ajouter $RECIPIENT$ ?la sph?e d'influence;$RECIPIENT$ in Einflusssph?e aufnehmen;;;;;;;;;;;;x;;;;;;;;;;;;;;,,,
add_to_sphere_AI_setup;$RECIPIENT$을(를) 영향권에 편입합니다.;ajouter $RECIPIENT$ ?la sph?e d'influence;$RECIPIENT$ in Einflusssph?e aufnehmen;;;;;;;;;;;;x;;;;;;;;;;;;;;,,,
unification_add_to_sphere;문화권 영향권 편입;Unification Add to Sphere;ajouter ?la sph?e;In Einflusssph?e aufnehmen;;;;;;;;;;;;x;;;;;;;;;;;;;;,,,
unification_add_to_sphere_desc;쬨같은 문화권쬦에 속한 국가를 쬨영향권쬦에 편입합니다.;Ajouter un pays ?notre $sph?e d'influenc$W;F?en Sie das Land Ihr$쬨Einflusssph$e쬦 hinzu.;;;;;;;;;;;x,,,
unification_add_to_sphere_short;$RECIPIENT$ 영향권 편입;ajouter $RECIPIENT$ ?la sph?e d'influence;$RECIPIENT$ in Einflusssph?e aufnehmen;;;;;;;;;;;;x;;;;;;;;;;;;;;,,,
unification_add_to_sphere_setup;$RECIPIENT$을(를) 영향권에 편입합니다.;ajouter $RECIPIENT$ ?la sph?e d'influence;$RECIPIENT$ in Einflusssph?e aufnehmen;;;;;;;;;;;;x;;;;;;;;;;;;;;,,,
take_from_sphere_AI;영향권 강탈;Prendre ?la sph?e d'influence;Aus Einflusssph?e entfernen;;;;;;;;;;;;x;;;;;;;;;;;;;;,,,
take_from_sphere_AI_desc;적국의 쬨영향권쬦에 속한 국가를 영향권에 편입합니다.;Remove a country from someone's $Sphere of Influence$ and add it to our own;Supprimer un pays de la $sph?e d'influenc$W de quelqu'un et l'ajouter ?la n?re;Entfernen Sie ein Land aus einer ander$쬨Einflusssph$e쬦 und f?en Sie es Ihrer eigenen hinzu.;;;;;;;;;;;x,,,
take_from_sphere_AI_short;$THIRD$ 영향권 편입;Take $THIRD$ from sphere of influence;Prendre $THIRD$ ?la sph?e d'influence;$THIRD$ aus Einflusssph?e entfernen;;;;;;;;;;;;x;;;;;;;;;;;;;;,,,
take_from_sphere_AI_setup;$RECIPIENT$의 영향권에 속한 $THIRD$을(를) 영향권에 편입합니다.;Take $THIRD$ from $RECIPIENT$'s sphere of influence;Prendre $THIRD$ ?la sph?e d'influence de $RECIPIENT$;$THIRD$ aus Einflusssph?e von $RECIPIENT$ entfernen;;;;;;;;;;;;x;;;;;;;;;;;;;;,,,
free_peoples_AI;인민 해방;Free people;Peuple libre;Freies Volk;;;;;;;;;;;;x;;;;;;;;;;;;;;,,,
free_peoples_AI_desc;적국에 속한 쬨주쬦를 해방합니다.;Liberate a $country$ from its oppressors;Lib?er un$Ypay$W de ses oppresseurs;Befreien Sie ein$YLan$W von seinen Unterdr?kern.;;;;;;;;;;;x,,,
free_peoples_AI_short;$THIRD$ $STATE$ 획득;$THIRD$ acquires $STATE$;$THIRD$ prend $STATE$;$THIRD$ erwirbt $STATE$;;;;;;;;;;;;x;;;;;;;;;;;;;;,,,
free_peoples_AI_setup;$THIRD$에게 $RECIPIENT$이(가) 점유한 $STATE$을(를) 반환합니다.;Hand $STATE$ back to $THIRD$ from $RECIPIENT$;Prendre $STATE$ ?$RECIPIENT$ pour le rendre ?$THIRD$;Geben Sie $STATE$ an $THIRD$ von $RECIPIENT$ zur?k;;;;;;;;;;;;x;;;;;;;;;;;;;;,,,
free_peoples;인민 해방;Free People;Peuple libre;Freies Volk;;;;;;;;;;;;x;;;;;;;;;;;;;;,,,
free_peoples_desc;적국에 속한 쬨주쬦를 해방합니다.;Liberate a 쬨country's쬦 쬟single state쬦 from its oppressors.;Lib?er un 쬨pays쬦 de ses oppresseurs;Befreien Sie ein 쬨Land쬦 von seinen Unterdr?kern.;;;;;;;;;;;x,,,
free_peoples_short;$THIRD$ $STATE$ 획득;$THIRD$ acquires $STATE$;$THIRD$ prend $STATE$;$THIRD$ erwirbt $STATE$;;;;;;;;;;;;x;;;;;;;;;;;;;;,,,
free_peoples_setup;$THIRD$에게 $RECIPIENT$이(가) 점유한 $STATE$을(를) 반환합니다.;Hand $STATE$ back to $THIRD$ from $RECIPIENT$;Prendre $STATE$ ?$RECIPIENT$ pour le rendre ?$THIRD$;Geben Sie $STATE$ an $THIRD$ von $RECIPIENT$ zur?k;;;;;;;;;;;;x;;;;;;;;;;;;;;,,,
release_puppet_AI;괴뢰국 해방;Release Puppet;Lib?er un ?at fantoche;Marionettenstaat entlassen;;;;;;;;;;;x,,,
release_puppet_AI_short;$THIRD$ 해방;$THIRD$ is released;$THIRD$ est lib??$THIRD$ wurde entlassen;;;;;;;;;;;x,,,
release_puppet_AI_setup;$RECIPIENT$이(가) 점유한 $THIRD$을(를) 해방합니다.;Release $THIRD$ from $RECIPIENT$;Lib?er $THIRD$ de $RECIPIENT$;Entlassen Sie $THIRD$ aus $RECIPIENT$;;;;;;;;;;;x,,,
release_puppet_AI_desc;적국에 속한 쬨괴뢰국쬦을 주권국으로 해방합니다.;Release a $country$ from its sovereign nation;Lib?er un$Ypay$W de sa nation souveraine;Entlassen Sie ein$YLan$W von seinem Herrenland.;;;;;;;;;;;x,,,
demand_concession_NI_casus_belli;조차지 요구;Demand Concession;Demande de concession;Konzession verlangen;;;;;;;;;;;x,,,
demand_concession_NI_casus_belli_desc;쬨비문명국쬦에 속한 주를 식민주로 편성합니다.;Force an $uncivilized country$ to secede territory to form a colonial concession.;Force an $uncivilized country$ to secede territory to form a colonial concession.;Obligez un $pays non civilis蓼W ?faire s?ession d'un territoire pour former une concession coloniale.;Zwingen Sie ein$Yunzivilisiertes Lan$W, Gebiete zur Gr?dung einer Kolonialkonzession abzuspalten.;;;;;;;;;;;x,,
demand_concession_NI_casus_belli_setup;$RECIPIENT$이(가) 점유한 주를 획득합니다.;Demand that $RECIPIENT$ secede territory to form a colonial concession.;Demandez ?ce que $RECIPIENT$ fasse s?ession d'un territoire pour former une concession coloniale.;Verlangen Sie, dass $RECIPIENT$ Gebiete zur Gr?dung einer Kolonialkonzession abspaltet.;;;;;;;;;;;x,,
demand_concession_NI_casus_belli_short;$STATE$ 조차;Demand $STATE$;Demander $STATE$;Fordern Sie $STATE$;;;;;;;;;;;x,,,
demand_concession_BC_casus_belli;조차지 요구;Demand Concession;Demande de concession;Konzession verlangen;;;;;;;;;;;x,,,
demand_concession_BC_casus_belli_desc;쬨비문명국쬦에 속한 주를 식민주로 편성합니다.;Force an $uncivilized country$ to secede territory to form a colonial concession.;Obligez un $pays non civilis蓼W ?faire s?ession d'un territoire pour former une concession coloniale.;Zwingen Sie ein$Yunzivilisiertes Lan$W, Gebiete zur Gr?dung einer Kolonialkonzession abzuspalten.;;;;;;;;;;;x,,
demand_concession_BC_casus_belli_setup;$RECIPIENT$이(가) 점유한 주를 획득합니다.;Demand that $RECIPIENT$ secede territory to form a colonial concession.;Demandez ?ce que $RECIPIENT$ fasse s?ession d'un territoire pour former une concession coloniale.;Verlangen Sie, dass $RECIPIENT$ Gebiete zur Gr?dung einer Kolonialkonzession abspaltet.;;;;;;;;;;;x,,
demand_concession_BC_casus_belli_short;$STATE$ 조차;Demand $STATE$;Demander $STATE$;Fordern Sie $STATE$;;;;;;;;;;;x,,,
establish_protectorate_NI_casus_belli;보호령 설립;Establish Protectorate;?ablir un protectorat;Protektorat gr?den;;;;;;;;;;;x,,,
establish_protectorate_NI_casus_belli_desc;쬨비문명국쬦을 쬨보호령쬦으로 합병합니다;Annex an $uncivilized country$ by forcing them to become a protectorate of ours.;Annexez un $pays non civilis蓼W en l'obligeant ?devenir l'un de nos protectorats.;Annektieren Sie ein $unzivilisiertes Land$, indem Sie es zwingen, eines Ihrer Protektorate zu werden.;;;;;;;;;;;x,
establish_protectorate_NI_casus_belli_setup;$RECIPIENT$을(를) 합병합니다;Annex $RECIPIENT$ by establishing a protectorate over them.;Annexez $RECIPIENT$ en ?ablissant un protectorat.;Annektieren Sie $RECIPIENT$ durch die Gr?dung eines Protektorats.;;;;;;;;;;;x,,,
establish_protectorate_NI_casus_belli_short;$RECIPIENT$ 합병;Annex $RECIPIENT$;Annexer $RECIPIENT$;Annektieren Sie $RECIPIENT$;;;;;;;;;;;x,,,
establish_protectorate_BC_casus_belli;보호령 설립;Establish Protectorate;?ablir un protectorat;Protektorat gr?den;;;;;;;;;;;x,,,
establish_protectorate_BC_casus_belli_desc;쬨비문명국쬦을 쬨보호령쬦으로 합병합니다.;Annex an $uncivilized country$ by forcing them to become a protectorate of ours.;Annexez un $pays non civilis蓼W en l'obligeant ?devenir l'un de nos protectorats.;Annektieren Sie ein $unzivilisiertes Land$, indem Sie es zwingen, eines Ihrer Protektorate zu werden.;;;;;;;;;;;x,
establish_protectorate_BC_casus_belli_setup;$RECIPIENT$을(를) 합병합니다.;Annex $RECIPIENT$ by establishing a protectorate over them.;Annexez $RECIPIENT$ en ?ablissant un protectorat.;Annektieren Sie $RECIPIENT$ durch die Gr?dung eines Protektorats.;;;;;;;;;;;x,,,
establish_protectorate_BC_casus_belli_short;$RECIPIENT$ 합병;Annex $RECIPIENT$;Annexer $RECIPIENT$;Annektieren Sie $RECIPIENT$;;;;;;;;;;;x,,,
unification_humiliate;패권 주장;Assert Hegemony;Imposer l'h??onie;Vorherrschaft durchsetzen;;;;;;;;;;;x,,,
unification_humiliate_desc;적국의 쬨영향권쬦에 있는 같은 문화권 쬨국가쬦를 쬨영향권쬦에 편입합니다;Remove a country from someone's $Sphere of Influence$ and add it to our own;Supprimer un pays de la $sph?e d'influenc$W de quelqu'un et l'ajouter ?la n?re;Entfernen Sie ein Land aus einer ander$쬨Einflusssph$e쬦 und f?en Sie es Ihrer eigenen hinzu.;;;;;;;;;;;x,,,
unification_humiliate_setup;$RECIPIENT$의 영향권에 속한 $THIRD$을(를) 영향권에 편입합니다;Take $THIRD$ from $RECIPIENT$'s sphere of influence;Prendre $THIRD$ ?la sph?e d'influence de $RECIPIENT$;$THIRD$ aus Einflusssph?e von $RECIPIENT$ entfernen;;;;;;;;;;;;x;;;;;;;;;;;;;;,,,
unification_humiliate_short;$THIRD$ 영향권에 편입;Take $THIRD$ from sphere of influence;Prendre $THIRD$ ?la sph?e d'influence;$THIRD$ aus Einflusssph?e entfernen;;;;;;;;;;;;x;;;;;;;;;;;;;;,,,
claim_colonial_region;실효 지배 - 주 요구;Effective Occupation - Demand State;;;;;;;;;;;;;x,,,
claim_colonial_region_desc;실효 지배의 원칙을 기술한 서아프리카회의 제35조에 따라, 쬨비문명국쬦의 주를 식민주로 편성합니다.;Force an 쬨uncivilized country쬦 to secede territory that we have claims on according to Article 35 of the West Africa Conference, which delineates the doctrine of effective occupation.;;;;;;;;;;;;;x,,,
claim_colonial_region_setup;$RECIPIENT$이(가) 점유한 $STATE$을(를) 획득합니다.;Demand that $RECIPIENT$ secede territory that we have claims on according to Article 35 of the West Africa Conference, which delineates the doctrine of effective occupation.;;;;;;;;;;;;;x,,,
claim_colonial_region_short;$STATE$ 요구;Demand $STATE$;;;;;;;;;;;;;x,,,
claim_colonial_region_full;실효 지배 - 합병;Effective Occupation - Annex;;;;;;;;;;;;;x,,,
claim_colonial_region_full_desc;영향권의 원칙을 기술한 서아프리카회의 제33조에 따라, 쬨비문명국쬦을 보호령으로 합병합니다.;Force an 쬨uncivilized country쬦 to become a protectorate according to Article 33 of the West Africa Conference, which delineates the doctrine of spheres of influence.;;;;;;;;;;;;;x,,,
claim_colonial_region_full_setup;$RECIPIENT$을(를) 합병합니다.;Force $RECIPIENT$ to become a protectorate according to Article 33 of the West Africa Conference, which delineates the doctrine of spheres of influence.;;;;;;;;;;;;;x,,,
claim_colonial_region_full_short;$RECIPIENT$ 합병;Annex $RECIPIENT$;;;;;;;;;;;;;x,,,
restore_austrian_empire;오스트리아 제국 복원;Acquire Austrian Core;Prendre territoire cl쬦Kernprovinz erwerben;;;;;;;;;;;;x;;;;;;;;;;;;;;;
restore_austrian_empire_desc;쬨적국쬦에 속한 쬨오스트리아가 전통적으로 다스리던쬦 영유권 보유 지역을 탈환합니다.;Aquire an enemy 쬨state쬦 where Austria has 쬨traditionally ruled쬦;Prendre un 쬨쬦at쬦 ennemi o쬦nous avons des 쬨provinces principales쬦;Erobern Sie einen feindlichen 쬨Staat쬦, in dem wir 쬨Kernprovinzen쬦 haben.;;;;;;;;;;;x,,;;;;;;;;;;;;;;;;
restore_austrian_empire_short;$STATE$ 획득;Acquire $STATE$;Prendre $STATE$;$STATE$ erwerben;;;;;;;;;;;;x;;;;;;;;;;;;;;;
restore_austrian_empire_setup;$RECIPIENT$이(가) 점유한 $STATE$의 영유권 보유 지역 획득;Acquire core $STATE$ from $RECIPIENT$;Prendre 쬦at cl쬦$STATE$ de $RECIPIENT$;Kern-$STATE$ von $RECIPIENT$ erwerben;;;;;;;;;;;;x;;;;;;;;;;;;;;;
free_balkans;발칸 해방;Free Balkans;Peuple libre;Freies Volk;;;;;;;;;;;;x;;;;;;;;;;;;;;;
free_balkans_desc;적국에 속한 쬨발칸의 모든 국가쬦를 해방합니다.;Liberate an 쬨entire country in the Balkans쬦 from its oppressor;Lib쬦er un 쬨pays쬦 de ses oppresseurs;Befreien Sie ein 쬨Land쬦 von seinen Unterdr쬦kern.;;;;;;;;;;;x,,,;;;;;;;;;;;;;;;;
free_balkans_short;$THIRD$ 해방;Liberate $THIRD$;$THIRD$ prend $STATE$;$THIRD$ erwirbt $STATE$;;;;;;;;;;;;x;;;;;;;;;;;;;;;
free_balkans_setup;$RECIPIENT$이(가) 점유한 $THIRD$을(를) 해방합니다.;Free $THIRD$ from control of $RECIPIENT$;Prendre $STATE$ 쬦$RECIPIENT$ pour le rendre 쬦$THIRD$;Geben Sie $STATE$ an $THIRD$ von $RECIPIENT$ zur쬦k;;;;;;;;;;;;x;;;;;;;;;;;;;;;
monroe_doctrine;먼로 선언;Monroe Doctrine;Peuple libre;Freies Volk;;;;;;;;;;;;x;;;;;;;;;;;;;;;
monroe_doctrine_desc;쬨유럽 식민제국쬦을 아메리카에서 축출합니다.;Drive out a 쬨European colonial power쬦 from the Americas;Lib쬦er un 쬨pays쬦 de ses oppresseurs;Befreien Sie ein 쬨Land쬦 von seinen Unterdr쬦kern.;;;;;;;;;;;x,,,;;;;;;;;;;;;;;;;
monroe_doctrine_short;$THIRD$ $STATE$ 탈환;$THIRD$ acquires $STATE$;$THIRD$ prend $STATE$;$THIRD$ erwirbt $STATE$;;;;;;;;;;;;x;;;;;;;;;;;;;;;
monroe_doctrine_setup;$RECIPIENT$이(가) 점유한 $STATE$을(를) $THIRD$에게 반환합니다.;Hand $STATE$ back to $THIRD$ from $RECIPIENT$;Prendre $STATE$ 쬦$RECIPIENT$ pour le rendre 쬦$THIRD$;Geben Sie $STATE$ an $THIRD$ von $RECIPIENT$ zur쬦k;;;;;;;;;;;;x;;;;;;;;;;;;;;;
oriental_crisis;동방 위기;Oriental Crisis;Peuple libre;Freies Volk;;;;;;;;;;;;x;;;;;;;;;;;;;;;
oriental_crisis_desc;이집트에 속한 쬨오스만의 국토쬦를 해방합니다.;Liberate 쬨Ottoman territory쬦 from Egyptian control;Lib쬦er un 쬨pays쬦 de ses oppresseurs;Befreien Sie ein 쬨Land쬦 von seinen Unterdr쬦kern.;;;;;;;;;;;x,,,;;;;;;;;;;;;;;;;
oriental_crisis_short;$THIRD$ $STATE$ 획득;$THIRD$ acquires $STATE$;$THIRD$ prend $STATE$;$THIRD$ erwirbt $STATE$;;;;;;;;;;;;x;;;;;;;;;;;;;;;
oriental_crisis_setup;$RECIPIENT$이(가) 점유한 $STATE$을(를) $THIRD$에게 반환합니다.;Hand $STATE$ back to $THIRD$ from $RECIPIENT$;Prendre $STATE$ 쬦$RECIPIENT$ pour le rendre 쬦$THIRD$;Geben Sie $STATE$ an $THIRD$ von $RECIPIENT$ zur쬦k;;;;;;;;;;;;x;;;;;;;;;;;;;;;
restore_america;미국 복원;Acquire American Core;Prendre territoire cl쬦Kernprovinz erwerben;;;;;;;;;;;;x;;;;;;;;;;;;;;;
restore_america_desc;쬨적국쬦에 속한 쬨미국쬦의 영유권 보유 지역을 탈환합니다.;Aquire an enemy 쬨state쬦 with the goal of 쬨restoring the United States쬦;Prendre un 쬨쬦at쬦 ennemi o쬦nous avons des 쬨provinces principales쬦;Erobern Sie einen feindlichen 쬨Staat쬦, in dem wir 쬨Kernprovinzen쬦 haben.;;;;;;;;;;;x,,;;;;;;;;;;;;;;;;
restore_america_short;$STATE$ 획득;Acquire $STATE$;Prendre $STATE$;$STATE$ erwerben;;;;;;;;;;;;x;;;;;;;;;;;;;;;
restore_america_setup;$RECIPIENT$이(가) 점유한 $STATE$ 획득;Acquire core $STATE$ from $RECIPIENT$;Prendre 쬦at cl쬦$STATE$ de $RECIPIENT$;Kern-$STATE$ von $RECIPIENT$ erwerben;;;;;;;;;;;;x;;;;;;;;;;;;;;;
claim_holy_land;레반트 영유권 주장;Claim the Levant;Prendre territoire cl쬦Kernprovinz erwerben;;;;;;;;;;;;x;;;;;;;;;;;;;;;
claim_holy_land_desc;쬨오스만 제국쬦에 속했던 쬨레반트쬦 지방의 주를 획득합니다.;Aquire a state in the 쬨Levant쬦 now that it has been abandoned by the 쬨Ottoman Empire쬦;Prendre un 쬨쬦at쬦 ennemi o쬦nous avons des 쬨provinces principales쬦;Erobern Sie einen feindlichen 쬨Staat쬦, in dem wir 쬨Kernprovinzen쬦 haben.;;;;;;;;;;;x,,;;;;;;;;;;;;;;;;
claim_holy_land_short;$STATE$ 획득;Acquire $STATE$;Prendre $STATE$;$STATE$ erwerben;;;;;;;;;;;;x;;;;;;;;;;;;;;;
claim_holy_land_setup;$RECIPIENT$이(가) 점유한 $STATE$을(를) 획득합니다.;Acquire $STATE$ from $RECIPIENT$;Prendre 쬦at cl쬦$STATE$ de $RECIPIENT$;Kern-$STATE$ von $RECIPIENT$ erwerben;;;;;;;;;;;;x;;;;;;;;;;;;;;;
restore_british_raj;인도 제국 주장;Claim the British Raj;R쬦uire;Gr秤e reduzieren;;;;;;;;;;;;x;;;;;;;;;;;;;;;
restore_british_raj_desc;쬨영국령 인도 제국쬦의 정당한 영토에 속한 쬨적국쬦을 괴뢰화합니다.;Puppet an enemy 쬨nation쬦 that rightfully belongs within the 쬨British Raj쬦;Obliger un autre 쬨pays쬦 쬦se d쬦armer et 쬦nous verser des compensations;Zwischen Sie ein anderes 쬨Land쬦 zur Abr쬦tung und zu Reparationszahlungen an uns.;;;;;;;;;;;x,,,;;;;;;;;;;;;;;;;
restore_british_raj_short;$RECIPIENT$ 괴뢰화;$RECIPIENT$ becomes a puppet of $ACTOR$;$RECIPIENT$ devient satellite de $ACTOR$;$RECIPIENT$ wird eine Marionette von $ACTOR$;;;;;;;;;;;x,,,;;;;;;;;;;;;;;;;
restore_british_raj_setup;$RECIPIENT$을(를) 괴뢰화합니다.;$RECIPIENT$ becomes a puppet of $ACTOR$;$RECIPIENT$ devient satellite de $ACTOR$;$RECIPIENT$ wird eine Marionette von $ACTOR$;;;;;;;;;;;x,,,;;;;;;;;;;;;;;;;
great_game_cb;그레이트 게임;The Great Game;R쬦uire;Gr秤e reduzieren;;;;;;;;;;;;x;;;;;;;;;;;;;;;
great_game_cb_desc;그레이트 게임의 일환으로 중앙아시아의 쬨비문명국쬦을 쬨괴뢰국쬦으로 삼습니다.;The Great Game between Russia and the British Empire demands that all 쬨uncivilized nations쬦 in Central Asia be turned into 쬨puppets쬦 to prevent the other from doing the same.;Obliger un autre 쬨pays쬦 쬦se d쬦armer et 쬦nous verser des compensations;Zwischen Sie ein anderes 쬨Land쬦 zur Abr쬦tung und zu Reparationszahlungen an uns.;;;;;;;;;;;x,,,;;;;;;;;;;;;;;;;
great_game_cb_short;$RECIPIENT$ 괴뢰화;$RECIPIENT$ becomes a puppet of $ACTOR$;$RECIPIENT$ devient satellite de $ACTOR$;$RECIPIENT$ wird eine Marionette von $ACTOR$;;;;;;;;;;;x,,,;;;;;;;;;;;;;;;;
great_game_cb_setup;$RECIPIENT$을(를) 괴뢰화합니다.;$RECIPIENT$ becomes a puppet of $ACTOR$;$RECIPIENT$ devient satellite de $ACTOR$;$RECIPIENT$ wird eine Marionette von $ACTOR$;;;;;;;;;;;x,,,;;;;;;;;;;;;;;;;
china_acquire_state;중국 재통합;Chinese Reunification;Prendre 쬦at;$STATE$ erwerben;;;;;;;;;;;;x;;;;;;;;;;;;;;;
china_acquire_state_short;$STATE$ 획득;Acquire $STATE$;Prendre $STATE$;$STATE$ erwerben;;;;;;;;;;;;x;;;;;;;;;;;;;;;
china_acquire_state_setup;$RECIPIENT$이(가) 점유한 $STATE$을(를) 획득합니다;Acquire $STATE$ from $RECIPIENT$;Prendre $STATE$ de $RECIPIENT$;$STATE$ von $RECIPIENT$ erwerben;;;;;;;;;;;;x;;;;;;;;;;;;;;;
china_acquire_state_desc;중국에 속한 쬨주쬦를 획득합니다.;Aquire a Chinese 쬨state쬦;Prendre un 쬨쬦at쬦 ennemi;Erobern Sie einen feindlichen 쬨Staat쬦.;;;;;;;;;;;x,,,;;;;;;;;;;;;;;;;
unification_GP_humiliate;통일 모욕;Unification Humiliate;Humilier;Erniedrigen;;Humillar;;;;;;;;;x,,,;;;;;;;;;;;;;;;;
unification_GP_humiliate_short;$RECIPIENT$ 모욕;Humiliate $RECIPIENT$;Humilier $RECIPIENT$;$RECIPIENT$ erniedrigen;;Humillar a $RECIPIENT$;;;;;;;;;x,,,;;;;;;;;;;;;;;;;
unification_GP_humiliate_setup;$RECIPIENT$에게 모욕을 줍니다.;Humiliate $RECIPIENT$;Humilier $RECIPIENT$;$RECIPIENT$ erniedrigen;;Humillar a $RECIPIENT$;;;;;;;;;x,,,;;;;;;;;;;;;;;;;
unification_GP_humiliate_desc;쬨같은 문화권에 속한 강대국쬦에게 굴욕감을 주고 우리의 군사력을 과시합니다. 우리의 쬨위신쬦을 증가시키고 적의 위신을 감소시킵니다.;Show our military might by humiliating an enemy 쬨greater power of our culture group쬦, thus increasing our 쬨prestige쬦 while lowering theirs;Afficher notre puissance militaire en humiliant un 쬨pays쬦 ennemi et en augmentant notre 쬨prestige쬦 tout en r쬦uisant le leur;Zeigen Sie unsere Milit쬦macht durch Erniedrigung eines feindlichen 쬨Landes쬦, wodurch Sie unser 쬨Prestige쬦 steigern und ihres verringern.;;Demostrar nuestro poder militar humillando a un 쬨pa쬦쬦 enemigo, para aumentar nuestro 쬨prestigio쬦 y reducir el suyo;;;;;;;;;x;;;;;;;;;;;;;;;;
colonial_reconquest_cb;식민지 재정복;Colonial Reconquest;;;;;;;;;;;;;x,,,;;;;;;;;;;;;;;;;
colonial_reconquest_cb_desc;쬨반란을 일으킨 식민지쬦를 합병합니다.;Force the 쬨rebellious colony쬦 back into the fold;;;;;;;;;;;;;x,,,;;;;;;;;;;;;;;;;
colonial_reconquest_cb_setup;$RECIPIENT$을(를) 합병합니다.;Annex $RECIPIENT$, our rebellious colony;;;;;;;;;;;;;x,,;;;;;;;;;;;;;;;;
colonial_reconquest_cb_short;$RECIPIENT$ 합병;Annex $RECIPIENT$;;;;;;;;;;;;;x,,,;;;;;;;;;;;;;;;;
acquire_core_state;영유권 보유 지역 탈환;Acquire core;Prendre territoire cl쬦Kernprovinzregion erobern;;Adquirir n쬦leo;;;;;;;;;x;;;;;;;;;;;;;;;;
acquire_core_state_desc;적국에 속한 쬨영유권 보유 지역쬦이 위치한 쬨주쬦를 탈환합니다.;Aquire an enemy 쬨state쬦 where we have 쬨core provinces쬦;Prendre un 쬨쬦at쬦 ennemi o쬦nous avons des 쬨provinces principales쬦;Erobern Sie einen feindlichen 쬨Staat쬦, in dem wir 쬨Kernprovinzen쬦 haben.;;Adquirir un 쬨estado쬦 enemigo donde tenemos 쬨provincias n쬦leo쬦;;;;;;;;;x;;;;;;;;;;;;;;;;
acquire_core_state_short;$STATE$ 탈환;Acquire $STATE$; Prendre le territoire cl쬦de $STATE$;Kernprovinzregion $STATE$ erobern;;Adquirir $STATE$;;;;;;;;;x;;;;;;;;;;;;;;;;
acquire_core_state_setup;$RECIPIENT$이(가) 점유한 $STATE$을(를) 탈환합니다.;Acquire core $STATE$ from $RECIPIENT$;Prendre territoire cl쬦$STATE$ 쬦$RECIPIENT$;Kernprovinzregion $STATE$ von $RECIPIENT$ erobern.;;Adquirir el n쬦leo de $STATE$ de manos de $RECIPIENT$;;;;;;;;;x;;;;;;;;;;;;;;;;
conquest_any;정복;Conquest;;;;;;;;;;;;;x,,,;;;;;;;;;;;;;;;;
conquest_any_desc;쬨적국쬦을 합병합니다.;Conquer an 쬨enemy country쬦;;;;;;;;;;;;;x,,,;;;;;;;;;;;;;;;;
conquest_any_setup;$RECIPIENT$을(를) 합병합니다.;Annex $RECIPIENT$;;;;;;;;;;;;;x,,,;;;;;;;;;;;;;;;;
conquest_any_short;$RECIPIENT$ 합병;Annex $RECIPIENT$;;;;;;;;;;;;;x,,,;;;;;;;;;;;;;;;;
sahel_jihad_cb;사헬 성전;Sahel Jihad;Prendre territoire cl쬦Kernprovinz erwerben;;;;;;;;;;;;x;;;;;;;;;;;;;;;
sahel_jihad_cb_desc;이교에 속한 쬨주쬦를 획득합니다.;Aquire an infidel 쬨state쬦;Prendre un 쬨쬦at쬦 ennemi o쬦nous avons des 쬨provinces principales쬦;Erobern Sie einen feindlichen 쬨Staat쬦, in dem wir 쬨Kernprovinzen쬦 haben.;;;;;;;;;;;x,,;;;;;;;;;;;;;;;;
sahel_jihad_cb_short;$STATE$을 획득;Acquire $STATE$;Prendre $STATE$;$STATE$ erwerben;;;;;;;;;;;;x;;;;;;;;;;;;;;,,,
sahel_jihad_cb_setup;$RECIPIENT$이(가) 점유한 $STATE$을(를) 획득합니다;Acquire $STATE$ from $RECIPIENT$;Prendre ?at cl?$STATE$ de $RECIPIENT$;Kern-$STATE$ von $RECIPIENT$ erwerben;;;;;;;;;;;;x;;;;;;;;;;;;;;,,,
acquire_all_cores;모든 영유권 보유 지역 탈환;;;;;;;;;;;;;x,,,
acquire_all_cores_short;$RECIPIENT$이(가) 점유한 모든 영유권 보유 지역 탈환;;;;;;;;;;;;;x,,,
acquire_all_cores_setup;$RECIPIENT$이(가) 점유한 모든 영유권 보유 지역을 탈환합니다.;;;;;;;;;;;;;x,,,
acquire_all_cores_desc;우리 쬨영유권 보유 지역쬦이 있는 쬨주쬦를 획득합니다.;;;;;;;;;;;;;x,,,
AGRESSION_WAR_ALL_CORES_NAME_USA_ENG;$ORDER$영국-미국 전쟁;;;;;;;;;;;;x,,,
NORMAL_WAR_ALL_CORES_NAME_USA_ENG;$ORDER$영국-미국 전쟁;;;;;;;;;;;;x,,,
AGRESSION_WAR_ALL_CORES_NAME_ENG_USA;$ORDER$영국-미국 전쟁;;;;;;;;;;;;x,,,
NORMAL_WAR_ALL_CORES_NAME_ENG_USA;$ORDER$영국-미국 전쟁;;;;;;;;;;;;x,,,
