;;;;;;;;;;;;x,,,,,,,,,,,,,
gtfo_on_title;'속국 해방' 결정들 표시.;Enable 'Release Vassal' decisions;;;;;;;;;;;;x,,
gtfo_on_desc;속국 해방 결정들은 당신이 속국을 해방할 수 있게 해주며, 결정 목록을 흐트러뜨리는 것을 원하지 않는다면 숨길 수 있습니다.;The Release Vassal decisions allow you to release vassals, and are otherwise kept hidden from view to avoid having them clutter up your decision list.;;;;;;;;;;;;x
gtfo_off_title;'속국 해방' 결정들 숨기기;Disable 'Release Vassal' decisions;;;;;;;;;;;;x,,
gtfo_off_desc;결정 목록에서 숨깁니다!;Your decision list will now be uncluttered!;;;;;;;;;;;;x,,
gtfo_disabled_title;'속국 해방' 결정들 제거;Deactivate 'Release Vassal' decisions;;;;;;;;;;;;x,,
gtfo_disabled_desc;'속국 해방' 결정들은 이 게임에서 다시는 나타나지 않습니다.;The 'Release Vassal' decisions will disappear from this game session and won't reappear again. You won't be able to use these decisions again for this game.;;;;;;;;;;;;x,,
gtfo_MNP_title;마니푸르 독립 허가;;;;;;;;;;;;x,,
gtfo_MNP_desc;마니푸르에서의 지배를 끝낼 때가 왔습니다.;;;;;;;;;;;;x
gtfo_BDK_title;바다흐샨 독립 허가;;;;;;;;;;;;x,,
gtfo_BDK_desc;바다흐샨에서의 지배를 끝낼 때가 왔습니다.;;;;;;;;;;;;x
gtfo_PGG_title;평남 독립 허가;;;;;;;;;;;;x,,
gtfo_PGG_desc;평남에서의 지배를 끝낼 때가 왔습니다.;;;;;;;;;;;;x
gtfo_SGM_title;지그마링겐 독립 허가;;;;;;;;;;;;x,,
gtfo_SGM_desc;지그마링겐에서의 지배를 끝낼 때가 왔습니다.;;;;;;;;;;;;x
gtfo_NMB_title;나미비아 독립 허가;;;;;;;;;;;;x,,
gtfo_NMB_desc;나미비아에서의 지배를 끝낼 때가 왔습니다.;;;;;;;;;;;;x
gtfo_TMR_title;티모르 독립 허가;;;;;;;;;;;;x,,
gtfo_TMR_desc;티모르에서의 지배를 끝낼 때가 왔습니다.;;;;;;;;;;;;x
gtfo_SLG_title;슬랑오르 독립 허가;;;;;;;;;;;;x,,
gtfo_SLG_desc;슬랑오르에서의 지배를 끝낼 때가 왔습니다.;;;;;;;;;;;;x
gtfo_PRK_title;페락 독립 허가;;;;;;;;;;;;x,,
gtfo_PRK_desc;페락에서의 지배를 끝낼 때가 왔습니다.;;;;;;;;;;;;x
gtfo_PHG_title;파항 독립 허가;;;;;;;;;;;;x,,
gtfo_PHG_desc;파항에서의 지배를 끝낼 때가 왔습니다.;;;;;;;;;;;;x
gtfo_FRO_title;페로 독립 허가;;;;;;;;;;;;x,,
gtfo_FRO_desc;페로에서의 지배를 끝낼 때가 왔습니다.;;;;;;;;;;;;x
gtfo_NCT_title;뇌샤텔 독립 허가;;;;;;;;;;;;x,,
gtfo_NCT_desc;뇌샤텔에서의 지배를 끝낼 때가 왔습니다.;;;;;;;;;;;;x
gtfo_HBY_title;호뵤 독립 허가;;;;;;;;;;;;x,,
gtfo_HBY_desc;호뵤에서의 지배를 끝낼 때가 왔습니다.;;;;;;;;;;;;x
gtfo_QAT_title;카타르 독립 허가;;;;;;;;;;;;x,,
gtfo_QAT_desc;카타르에서의 지배를 끝낼 때가 왔습니다.;;;;;;;;;;;;x
gtfo_BRY_title;부랴트 독립 허가;;;;;;;;;;;;x,,
gtfo_BRY_desc;부랴트에서의 지배를 끝낼 때가 왔습니다.;;;;;;;;;;;;x
gtfo_MLD_title;몰디브 독립 허가;;;;;;;;;;;;x,,
gtfo_MLD_desc;몰디브에서의 지배를 끝낼 때가 왔습니다.;;;;;;;;;;;;x
gtfo_KAR_title;카렌 독립 허가;;;;;;;;;;;;x,,
gtfo_KAR_desc;카렌에서의 지배를 끝낼 때가 왔습니다.;;;;;;;;;;;;x
gtfo_PAK_title;파키스탄 독립 허가;;;;;;;;;;;;x,,
gtfo_PAK_desc;파키스탄에서의 지배를 끝낼 때가 왔습니다.;;;;;;;;;;;;x
gtfo_CRL_title;치트랄 독립 허가;;;;;;;;;;;;x,,
gtfo_CRL_desc;치트랄에서의 지배를 끝낼 때가 왔습니다.;;;;;;;;;;;;x
gtfo_RDL_title;아르달란 독립 허가;;;;;;;;;;;;x,,
gtfo_RDL_desc;아르달란에서의 지배를 끝낼 때가 왔습니다.;;;;;;;;;;;;x
gtfo_BTL_title;비틀리스 독립 허가;;;;;;;;;;;;x,,
gtfo_BTL_desc;비틀리스에서의 지배를 끝낼 때가 왔습니다.;;;;;;;;;;;;x
gtfo_BDN_title;바흐디난 독립 허가;;;;;;;;;;;;x,,
gtfo_BDN_desc;바흐디난에서의 지배를 끝낼 때가 왔습니다.;;;;;;;;;;;;x
gtfo_BNB_title;바반 독립 허가;;;;;;;;;;;;x,,
gtfo_BNB_desc;바반에서의 지배를 끝낼 때가 왔습니다.;;;;;;;;;;;;x
gtfo_MKN_title;무크리얀 독립 허가;;;;;;;;;;;;x,,
gtfo_MKN_desc;무크리얀에서의 지배를 끝낼 때가 왔습니다.;;;;;;;;;;;;x
gtfo_BHT_title;보탄 독립 허가;;;;;;;;;;;;x,,
gtfo_BHT_desc;보탄에서의 지배를 끝낼 때가 왔습니다.;;;;;;;;;;;;x
gtfo_SRN_title;소란 독립 허가;;;;;;;;;;;;x,,
gtfo_SRN_desc;소란에서의 지배를 끝낼 때가 왔습니다.;;;;;;;;;;;;x
gtfo_LBG_title;림부르크 독립 허가;;;;;;;;;;;;x,,
gtfo_LBG_desc;림부르크에서의 지배를 끝낼 때가 왔습니다.;;;;;;;;;;;;x
gtfo_PNB_title;페르남부쿠 독립 허가;;;;;;;;;;;;x,,
gtfo_PNB_desc;페르남부쿠에서의 지배를 끝낼 때가 왔습니다.;;;;;;;;;;;;x
gtfo_FIU_title;피우메 독립 허가;;;;;;;;;;;;x,,
gtfo_FIU_desc;피우메에서의 지배를 끝낼 때가 왔습니다.;;;;;;;;;;;;x
gtfo_SYC_title;시칠리아 독립 허가;;;;;;;;;;;;x,,
gtfo_SYC_desc;시칠리아에서의 지배를 끝낼 때가 왔습니다.;;;;;;;;;;;;x
gtfo_MDV_title;몰도바 독립 허가;;;;;;;;;;;;x,,
gtfo_MDV_desc;몰도바에서의 지배를 끝낼 때가 왔습니다.;;;;;;;;;;;;x
gtfo_ABK_title;압하지야 독립 허가;;;;;;;;;;;;x,,
gtfo_ABK_desc;압하지야에서의 지배를 끝낼 때가 왔습니다.;;;;;;;;;;;;x
gtfo_CRT_title;코리엔테스 독립 허가;;;;;;;;;;;;x,,
gtfo_CRT_desc;코리엔테스에서의 지배를 끝낼 때가 왔습니다.;;;;;;;;;;;;x
gtfo_SBA_title;부에노스아이레스 독립 허가;;;;;;;;;;;;x,,
gtfo_SBA_desc;부에노스아이레스에서의 지배를 끝낼 때가 왔습니다.;;;;;;;;;;;;x
gtfo_ARC_title;아르헨티나 독립 허가;;;;;;;;;;;;x,,
gtfo_ARC_desc;아르헨티나에서의 지배를 끝낼 때가 왔습니다.;;;;;;;;;;;;x
gtfo_LHJ_title;라헤지 독립 허가;;;;;;;;;;;;x,,
gtfo_LHJ_desc;라헤지에서의 지배를 끝낼 때가 왔습니다.;;;;;;;;;;;;x
gtfo_FDL_title;파들리 독립 허가;;;;;;;;;;;;x,,
gtfo_FDL_desc;파들리에서의 지배를 끝낼 때가 왔습니다.;;;;;;;;;;;;x
gtfo_KTH_title;카티리 독립 허가;;;;;;;;;;;;x,,
gtfo_KTH_desc;카티리에서의 지배를 끝낼 때가 왔습니다.;;;;;;;;;;;;x
gtfo_MHR_title;마흐라 독립 허가;;;;;;;;;;;;x,,
gtfo_MHR_desc;마흐라에서의 지배를 끝낼 때가 왔습니다.;;;;;;;;;;;;x
gtfo_KML_title;쿠물 독립 허가;;;;;;;;;;;;x,,
gtfo_KML_desc;쿠물에서의 지배를 끝낼 때가 왔습니다.;;;;;;;;;;;;x
gtfo_SHK_title;실루크 독립 허가;;;;;;;;;;;;x,,
gtfo_SHK_desc;실루크에서의 지배를 끝낼 때가 왔습니다.;;;;;;;;;;;;x
gtfo_WRL_title;와르상갈리 독립 허가;;;;;;;;;;;;x,,
gtfo_WRL_desc;와르상갈리에서의 지배를 끝낼 때가 왔습니다.;;;;;;;;;;;;x
gtfo_BHP_title;바하왈푸르 독립 허가;;;;;;;;;;;;x,,
gtfo_BHP_desc;바하왈푸르에서의 지배를 끝낼 때가 왔습니다.;;;;;;;;;;;;x
gtfo_EZO_title;에조 독립 허가;;;;;;;;;;;;x,,
gtfo_에조_desc;에조에서의 지배를 끝낼 때가 왔습니다.;;;;;;;;;;;;x
gtfo_CHY_title;체첸 독립 허가;;;;;;;;;;;;x,,
gtfo_CHY_desc;체첸에서의 지배를 끝낼 때가 왔습니다.;;;;;;;;;;;;x
gtfo_CHK_title;참파삭 독립 허가;;;;;;;;;;;;x,,
gtfo_CHK_desc;참파삭에서의 지배를 끝낼 때가 왔습니다.;;;;;;;;;;;;x
gtfo_QNG_title;청 독립 허가;;;;;;;;;;;;x,,
gtfo_QNG_desc;청에서의 지배를 끝낼 때가 왔습니다.;;;;;;;;;;;;x
gtfo_MGH_title;마그레브 독립 허가;;;;;;;;;;;;x,,
gtfo_MGH_desc;마그레브에서의 지배를 끝낼 때가 왔습니다.;;;;;;;;;;;;x
gtfo_BAH_title;바이아 독립 허가;;;;;;;;;;;;x,,
gtfo_BAH_desc;바이아에서의 지배를 끝낼 때가 왔습니다.;;;;;;;;;;;;x
gtfo_CHP_title;치아파스 독립 허가;;;;;;;;;;;;x,,
gtfo_CHP_desc;치아파스에서의 지배를 끝낼 때가 왔습니다.;;;;;;;;;;;;x
gtfo_CEQ_title;에콰도르 독립 허가;;;;;;;;;;;;x,,
gtfo_CEQ_desc;에콰도르에서의 지배를 끝낼 때가 왔습니다.;;;;;;;;;;;;x
gtfo_ENT_title;엔트레리오스 독립 허가;;;;;;;;;;;;x,,
gtfo_ENT_desc;엔트레리오스에서의 지배를 끝낼 때가 왔습니다.;;;;;;;;;;;;x
gtfo_GCO_title;그란콜롬비아 독립 허가;;;;;;;;;;;;x,,
gtfo_GCO_desc;그란콜롬비아에서의 지배를 끝낼 때가 왔습니다.;;;;;;;;;;;;x
gtfo_GUY_title;기이아나 독립 허가;;;;;;;;;;;;x,,
gtfo_GUY_desc;기이아나에서의 지배를 끝낼 때가 왔습니다.;;;;;;;;;;;;x
gtfo_LOS_title;로스알토스 독립 허가;;;;;;;;;;;;x,,
gtfo_LOS_desc;로스알토스에서의 지배를 끝낼 때가 왔습니다.;;;;;;;;;;;;x
gtfo_LPL_title;라플라타 독립 허가;;;;;;;;;;;;x,,
gtfo_LPL_desc;라플라타에서의 지배를 끝낼 때가 왔습니다.;;;;;;;;;;;;x
gtfo_OAX_title;오악사카 독립 허가;;;;;;;;;;;;x,,
gtfo_OAX_desc;오악사카에서의 지배를 끝낼 때가 왔습니다.;;;;;;;;;;;;x
gtfo_PBC_title;페루-볼리비아 독립 허가;;;;;;;;;;;;x,,
gtfo_PBC_desc;페루-볼리비아에서의 지배를 끝낼 때가 왔습니다.;;;;;;;;;;;;x
gtfo_PTG_title;파타고니아 독립 허가;;;;;;;;;;;;x,,
gtfo_PTG_desc;파타고니아에서의 지배를 끝낼 때가 왔습니다.;;;;;;;;;;;;x
gtfo_RGR_title;리오그란데 독립 허가;;;;;;;;;;;;x,,
gtfo_RGR_desc;리오그란데에서의 지배를 끝낼 때가 왔습니다.;;;;;;;;;;;;x
gtfo_RGS_title;히우그란지 독립 허가;;;;;;;;;;;;x,,
gtfo_RGS_desc;히우그란지에서의 지배를 끝낼 때가 왔습니다.;;;;;;;;;;;;x
gtfo_SON_title;소노라 독립 허가;;;;;;;;;;;;x,,
gtfo_SON_desc;소노라에서의 지배를 끝낼 때가 왔습니다.;;;;;;;;;;;;x
gtfo_SPU_title;남페루 독립 허가;;;;;;;;;;;;x,,
gtfo_SPU_desc;남페루에서의 지배를 끝낼 때가 왔습니다.;;;;;;;;;;;;x
gtfo_YUC_title;유카탄 독립 허가;;;;;;;;;;;;x,,
gtfo_YUC_desc;유카탄에서의 지배를 끝낼 때가 왔습니다.;;;;;;;;;;;;x
gtfo_BLZ_title;벨리즈 독립 허가;;;;;;;;;;;;x,,
gtfo_BLZ_desc;벨리즈에서의 지배를 끝낼 때가 왔습니다.;;;;;;;;;;;;x
gtfo_DAK_title;다코타 독립 허가;;;;;;;;;;;;x,,
gtfo_DAK_desc;다코타에서의 지배를 끝낼 때가 왔습니다.;;;;;;;;;;;;x
gtfo_FSA_title;자유미국 독립 허가;;;;;;;;;;;;x,,
gtfo_FSA_desc;자유미국에서의 지배를 끝낼 때가 왔습니다.;;;;;;;;;;;;x
gtfo_GRN_title;그린란드 독립 허가;;;;;;;;;;;;x,,
gtfo_GRN_desc;그린란드에서의 지배를 끝낼 때가 왔습니다.;;;;;;;;;;;;x
gtfo_JAM_title;자메이카 독립 허가;;;;;;;;;;;;x,,
gtfo_JAM_desc;자메이카에서의 지배를 끝낼 때가 왔습니다.;;;;;;;;;;;;x
gtfo_LSK_title;알래스카 독립 허가;;;;;;;;;;;;x,,
gtfo_LSK_desc;알래스카에서의 지배를 끝낼 때가 왔습니다.;;;;;;;;;;;;x
gtfo_MRU_title;마리팀 독립 허가;;;;;;;;;;;;x,,
gtfo_MRU_desc;마리팀에서의 지배를 끝낼 때가 왔습니다.;;;;;;;;;;;;x
gtfo_PRI_title;푸에트로리코 독립 허가;;;;;;;;;;;;x,,
gtfo_PRI_desc;푸에트로리코에서의 지배를 끝낼 때가 왔습니다.;;;;;;;;;;;;x
gtfo_RPL_title;루퍼트랜드 독립 허가;;;;;;;;;;;;x,,
gtfo_RPL_desc;루퍼트랜드에서의 지배를 끝낼 때가 왔습니다.;;;;;;;;;;;;x
gtfo_TRS_title;타라스코 독립 허가;;;;;;;;;;;;x,,
gtfo_TRS_desc;타라스코에서의 지배를 끝낼 때가 왔습니다.;;;;;;;;;;;;x
gtfo_TTB_title;트리니다드 독립 허가;;;;;;;;;;;;x,,
gtfo_TTB_desc;트리니다드에서의 지배를 끝낼 때가 왔습니다.;;;;;;;;;;;;x
gtfo_UIL_title;일리노이 독립 허가;;;;;;;;;;;;x,,
gtfo_UIL_desc;일리노이에서의 지배를 끝낼 때가 왔습니다.;;;;;;;;;;;;x
gtfo_UNB_title;네브라스카 독립 허가;;;;;;;;;;;;x,,
gtfo_UNB_desc;네브라스카에서의 지배를 끝낼 때가 왔습니다.;;;;;;;;;;;;x
gtfo_UNM_title;뉴멕시코 독립 허가;;;;;;;;;;;;x,,
gtfo_UNM_desc;뉴멕시코에서의 지배를 끝낼 때가 왔습니다.;;;;;;;;;;;;x
gtfo_UOR_title;오리건 독립 허가;;;;;;;;;;;;x,,
gtfo_UOR_desc;오리건에서의 지배를 끝낼 때가 왔습니다.;;;;;;;;;;;;x
gtfo_ALS_title;앨자스 독립 허가;;;;;;;;;;;;x,,
gtfo_ALS_desc;앨자스에서의 지배를 끝낼 때가 왔습니다.;;;;;;;;;;;;x
gtfo_ATR_title;아스투리아스 독립 허가;;;;;;;;;;;;x,,
gtfo_ATR_desc;아스투리아스에서의 지배를 끝낼 때가 왔습니다.;;;;;;;;;;;;x
gtfo_BAN_title;바나트 독립 허가;;;;;;;;;;;;x,,
gtfo_BAN_desc;바나트에서의 지배를 끝낼 때가 왔습니다.;;;;;;;;;;;;x
gtfo_BKV_title;부코비나 독립 허가;;;;;;;;;;;;x,,
gtfo_BKV_desc;부코비나에서의 지배를 끝낼 때가 왔습니다.;;;;;;;;;;;;x
gtfo_BRT_title;브르타뉴 독립 허가;;;;;;;;;;;;x,,
gtfo_BRT_desc;브르타뉴에서의 지배를 끝낼 때가 왔습니다.;;;;;;;;;;;;x
gtfo_BSQ_title;바스크 독립 허가;;;;;;;;;;;;x,,
gtfo_BSQ_desc;바스크에서의 지배를 끝낼 때가 왔습니다.;;;;;;;;;;;;x
gtfo_CRS_title;코르시카 독립 허가;;;;;;;;;;;;x,,
gtfo_CRS_desc;코르시카에서의 지배를 끝낼 때가 왔습니다.;;;;;;;;;;;;x
gtfo_DLM_title;달마티아 독립 허가;;;;;;;;;;;;x,,
gtfo_DLM_desc;달마티아에서의 지배를 끝낼 때가 왔습니다.;;;;;;;;;;;;x
gtfo_ENL_title;잉글랜드 독립 허가;;;;;;;;;;;;x,,
gtfo_ENL_desc;잉글랜드에서의 지배를 끝낼 때가 왔습니다.;;;;;;;;;;;;x
gtfo_GLC_title;갈리시아 독립 허가;;;;;;;;;;;;x,,
gtfo_GLC_desc;갈리시아에서의 지배를 끝낼 때가 왔습니다.;;;;;;;;;;;;x
gtfo_GLM_title;갈리치아-로도메리아 독립 허가;;;;;;;;;;;;x,,
gtfo_GLM_desc;갈리치아-로도메리아에서의 지배를 끝낼 때가 왔습니다.;;;;;;;;;;;;x
gtfo_LOR_title;로렌 독립 허가;;;;;;;;;;;;x,,
gtfo_LOR_desc;로렌에서의 지배를 끝낼 때가 왔습니다.;;;;;;;;;;;;x
gtfo_MCD_title;마케도니아 독립 허가;;;;;;;;;;;;x,,
gtfo_MCD_desc;마케도니아에서의 지배를 끝낼 때가 왔습니다.;;;;;;;;;;;;x
gtfo_MLT_title;몰타 독립 허가;;;;;;;;;;;;x,,
gtfo_MLT_desc;몰타에서의 지배를 끝낼 때가 왔습니다.;;;;;;;;;;;;x
gtfo_OCC_title;옥시타니아 독립 허가;;;;;;;;;;;;x,,
gtfo_OCC_desc;옥시타니아에서의 지배를 끝낼 때가 왔습니다.;;;;;;;;;;;;x
gtfo_RMG_title;로마냐 독립 허가;;;;;;;;;;;;x,,
gtfo_RMG_desc;로마냐에서의 지배를 끝낼 때가 왔습니다.;;;;;;;;;;;;x
gtfo_SPC_title;카를리스타 에스파냐 독립 허가;;;;;;;;;;;;x,,
gtfo_SPC_desc;카를리스타 에스파냐에서의 지배를 끝낼 때가 왔습니다.;;;;;;;;;;;;x
gtfo_SRD_title;사르데냐 독립 허가;;;;;;;;;;;;x,,
gtfo_SRD_desc;사르데냐에서의 지배를 끝낼 때가 왔습니다.;;;;;;;;;;;;x
gtfo_SVY_title;사보이 독립 허가;;;;;;;;;;;;x,,
gtfo_SVY_desc;사보이에서의 지배를 끝낼 때가 왔습니다.;;;;;;;;;;;;x
gtfo_SWH_title;슐레스비히-홀슈타인 독립 허가;;;;;;;;;;;;x,,
gtfo_SWH_desc;슐레스비히-홀슈타인에서의 지배를 끝낼 때가 왔습니다.;;;;;;;;;;;;x
gtfo_WHA_title;웨일즈 독립 허가;;;;;;;;;;;;x,,
gtfo_WHA_desc;웨일즈에서의 지배를 끝낼 때가 왔습니다.;;;;;;;;;;;;x
gtfo_DNB_title;도나우 Federation 독립 허가;;;;;;;;;;;;x,,
gtfo_DNB_desc;도나우에서의 지배를 끝낼 때가 왔습니다.;;;;;;;;;;;;x
gtfo_LUZ_title;루사티아 독립 허가;;;;;;;;;;;;x,,
gtfo_LUZ_desc;루사티아에서의 지배를 끝낼 때가 왔습니다.;;;;;;;;;;;;x
gtfo_RHI_title;라인란트 독립 허가;;;;;;;;;;;;x,,
gtfo_RHI_desc;라인란트에서의 지배를 끝낼 때가 왔습니다.;;;;;;;;;;;;x
gtfo_PML_title;포모제 독립 허가;;;;;;;;;;;;x,,
gtfo_PML_desc;포모제에서의 지배를 끝낼 때가 왔습니다.;;;;;;;;;;;;x
gtfo_PZN_title;포즈난 독립 허가;;;;;;;;;;;;x,,
gtfo_PZN_desc;포즈난에서의 지배를 끝낼 때가 왔습니다.;;;;;;;;;;;;x
gtfo_SLS_title;실롱스크 독립 허가;;;;;;;;;;;;x,,
gtfo_SLS_desc;실롱스크에서의 지배를 끝낼 때가 왔습니다.;;;;;;;;;;;;x
gtfo_WES_title;베스트팔렌 독립 허가;;;;;;;;;;;;x,,
gtfo_WES_desc;베스트팔렌에서의 지배를 끝낼 때가 왔습니다.;;;;;;;;;;;;x
gtfo_AKH_title;아스트라한 독립 허가;;;;;;;;;;;;x,,
gtfo_AKH_desc;아스트라한에서의 지배를 끝낼 때가 왔습니다.;;;;;;;;;;;;x
gtfo_ALT_title;알타이 독립 허가;;;;;;;;;;;;x,,
gtfo_ALT_desc;알타이에서의 지배를 끝낼 때가 왔습니다.;;;;;;;;;;;;x
gtfo_CPL_title;폴란드 입헌왕국 독립 허가;;;;;;;;;;;;x,,
gtfo_CPL_desc;폴란드 입헌왕국에서의 지배를 끝낼 때가 왔습니다.;;;;;;;;;;;;x
gtfo_DON_title;카자크 독립 허가;;;;;;;;;;;;x,,
gtfo_DON_desc;카자크에서의 지배를 끝낼 때가 왔습니다.;;;;;;;;;;;;x
gtfo_IZH_title;잉그리야 독립 허가;;;;;;;;;;;;x,,
gtfo_IZH_desc;잉그리야에서의 지배를 끝낼 때가 왔습니다.;;;;;;;;;;;;x
gtfo_KAZ_title;카자흐스탄 독립 허가;;;;;;;;;;;;x,,
gtfo_KAZ_desc;카자흐스탄에서의 지배를 끝낼 때가 왔습니다.;;;;;;;;;;;;x
gtfo_KAM_title;트란스아무르 독립 허가;;;;;;;;;;;;x,,
gtfo_KAM_desc;트란스아무르에서의 지배를 끝낼 때가 왔습니다.;;;;;;;;;;;;x
gtfo_KMK_title;칼미키야 독립 허가;;;;;;;;;;;;x,,
gtfo_KMK_desc;칼미키야에서의 지배를 끝낼 때가 왔습니다.;;;;;;;;;;;;x
gtfo_KRL_title;카렐리야 독립 허가;;;;;;;;;;;;x,,
gtfo_KRL_desc;카렐리야에서의 지배를 끝낼 때가 왔습니다.;;;;;;;;;;;;x
gtfo_SIB_title;시베리아 독립 허가;;;;;;;;;;;;x,,
gtfo_SIB_desc;시베리아에서의 지배를 끝낼 때가 왔습니다.;;;;;;;;;;;;x
gtfo_TAR_title;타타르스탄 독립 허가;;;;;;;;;;;;x,,
gtfo_TAR_desc;타타르스탄에서의 지배를 끝낼 때가 왔습니다.;;;;;;;;;;;;x
gtfo_TNT_title;투바 독립 허가;;;;;;;;;;;;x,,
gtfo_TNT_desc;투바에서의 지배를 끝낼 때가 왔습니다.;;;;;;;;;;;;x
gtfo_URA_title;우랄 독립 허가;;;;;;;;;;;;x,,
gtfo_URA_desc;우랄에서의 지배를 끝낼 때가 왔습니다.;;;;;;;;;;;;x
gtfo_YAK_title;야쿠트 독립 허가;;;;;;;;;;;;x,,
gtfo_YAK_desc;야쿠트에서의 지배를 끝낼 때가 왔습니다.;;;;;;;;;;;;x
gtfo_ARU_title;아라비아 독립 허가;;;;;;;;;;;;x,,
gtfo_ARU_desc;아라비아에서의 지배를 끝낼 때가 왔습니다.;;;;;;;;;;;;x
gtfo_ASY_title;아시리아 독립 허가;;;;;;;;;;;;x,,
gtfo_ASY_desc;아시리아에서의 지배를 끝낼 때가 왔습니다.;;;;;;;;;;;;x
gtfo_BHR_title;바레인 독립 허가;;;;;;;;;;;;x,,
gtfo_BHR_desc;바레인에서의 지배를 끝낼 때가 왔습니다.;;;;;;;;;;;;x
gtfo_CIR_title;체르케시야 독립 허가;;;;;;;;;;;;x,,
gtfo_CIR_desc;체르케시야에서의 지배를 끝낼 때가 왔습니다.;;;;;;;;;;;;x
gtfo_CLC_title;킬리키아 독립 허가;;;;;;;;;;;;x,,
gtfo_CLC_desc;킬리키아에서의 지배를 끝낼 때가 왔습니다.;;;;;;;;;;;;x
gtfo_DAG_title;다게스탄 독립 허가;;;;;;;;;;;;x,,
gtfo_DAG_desc;다게스탄에서의 지배를 끝낼 때가 왔습니다.;;;;;;;;;;;;x
gtfo_DUR_title;두란 독립 허가;;;;;;;;;;;;x,,
gtfo_DUR_desc;두란에서의 지배를 끝낼 때가 왔습니다.;;;;;;;;;;;;x
gtfo_HAL_title;하일 독립 허가;;;;;;;;;;;;x,,
gtfo_HAL_desc;하일에서의 지배를 끝낼 때가 왔습니다.;;;;;;;;;;;;x
gtfo_JOR_title;요르단 독립 허가;;;;;;;;;;;;x,,
gtfo_JOR_desc;요르단에서의 지배를 끝낼 때가 왔습니다.;;;;;;;;;;;;x
gtfo_KDS_title;쿠르디스탄 독립 허가;;;;;;;;;;;;x,,
gtfo_KDS_desc;쿠르디스탄에서의 지배를 끝낼 때가 왔습니다.;;;;;;;;;;;;x
gtfo_KWT_title;쿠웨이트 독립 허가;;;;;;;;;;;;x,,
gtfo_KWT_desc;쿠웨이트에서의 지배를 끝낼 때가 왔습니다.;;;;;;;;;;;;x
gtfo_KYR_title;키르기스스탄 독립 허가;;;;;;;;;;;;x,,
gtfo_KYR_desc;키르기스스탄에서의 지배를 끝낼 때가 왔습니다.;;;;;;;;;;;;x
gtfo_LBN_title;레바논 독립 허가;;;;;;;;;;;;x,,
gtfo_LBN_desc;레바논에서의 지배를 끝낼 때가 왔습니다.;;;;;;;;;;;;x
gtfo_NYE_title;북예멘 독립 허가;;;;;;;;;;;;x,,
gtfo_NYE_desc;북예멘에서의 지배를 끝낼 때가 왔습니다.;;;;;;;;;;;;x
gtfo_PLS_title;팔레스타인 독립 허가;;;;;;;;;;;;x,,
gtfo_PLS_desc;팔레스타인에서의 지배를 끝낼 때가 왔습니다.;;;;;;;;;;;;x
gtfo_PNT_title;폰투스 독립 허가;;;;;;;;;;;;x,,
gtfo_PNT_desc;폰투스에서의 지배를 끝낼 때가 왔습니다.;;;;;;;;;;;;x
gtfo_SYR_title;시리아 독립 허가;;;;;;;;;;;;x,,
gtfo_SYR_desc;시리아에서의 지배를 끝낼 때가 왔습니다.;;;;;;;;;;;;x
gtfo_TAJ_title;타지키스탄 독립 허가;;;;;;;;;;;;x,,
gtfo_TAJ_desc;타지키스탄에서의 지배를 끝낼 때가 왔습니다.;;;;;;;;;;;;x
gtfo_TCA_title;트란스카프카스 독립 허가;;;;;;;;;;;;x,,
gtfo_TCA_desc;트란스카프카스에서의 지배를 끝낼 때가 왔습니다.;;;;;;;;;;;;x
gtfo_TKM_title;튀르크메니스탄 독립 허가;;;;;;;;;;;;x,,
gtfo_TKM_desc;튀르크메니스탄에서의 지배를 끝낼 때가 왔습니다.;;;;;;;;;;;;x
gtfo_TKS_title;튀르케스탄 독립 허가;;;;;;;;;;;;x,,
gtfo_TKS_desc;튀르케스탄에서의 지배를 끝낼 때가 왔습니다.;;;;;;;;;;;;x
gtfo_UYG_title;위구르스탄 독립 허가;;;;;;;;;;;;x,,
gtfo_UYG_desc;위구르스탄에서의 지배를 끝낼 때가 왔습니다.;;;;;;;;;;;;x
gtfo_UZB_title;우즈베키스탄 독립 허가;;;;;;;;;;;;x,,
gtfo_UZB_desc;우즈베키스탄에서의 지배를 끝낼 때가 왔습니다.;;;;;;;;;;;;x
gtfo_ASM_title;아삼 독립 허가;;;;;;;;;;;;x,,
gtfo_ASM_desc;아삼에서의 지배를 끝낼 때가 왔습니다.;;;;;;;;;;;;x
gtfo_BIH_title;비하르 독립 허가;;;;;;;;;;;;x,,
gtfo_BIH_desc;비하르에서의 지배를 끝낼 때가 왔습니다.;;;;;;;;;;;;x
gtfo_BLC_title;발루치스탄 독립 허가;;;;;;;;;;;;x,,
gtfo_BLC_desc;발루치스탄에서의 지배를 끝낼 때가 왔습니다.;;;;;;;;;;;;x
gtfo_BNG_title;벵골 독립 허가;;;;;;;;;;;;x,,
gtfo_BNG_desc;벵골에서의 지배를 끝낼 때가 왔습니다.;;;;;;;;;;;;x
gtfo_DRA_title;드라비디스탄 독립 허가;;;;;;;;;;;;x,,
gtfo_DRA_desc;드라비디스탄에서의 지배를 끝낼 때가 왔습니다.;;;;;;;;;;;;x
gtfo_KRN_title;카르나타카 독립 허가;;;;;;;;;;;;x,,
gtfo_KRN_desc;카르나타카에서의 지배를 끝낼 때가 왔습니다.;;;;;;;;;;;;x
gtfo_MAH_title;마하라슈트라 독립 허가;;;;;;;;;;;;x,,
gtfo_MAH_desc;마하라슈트라에서의 지배를 끝낼 때가 왔습니다.;;;;;;;;;;;;x
gtfo_#MR_title;마라타 독립 허가;;;;;;;;;;;;x,,
gtfo_#MR_desc;마라타에서의 지배를 끝낼 때가 왔습니다.;;;;;;;;;;;;x
gtfo_RAJ_title;라즈푸타나 독립 허가;;;;;;;;;;;;x,,
gtfo_RAJ_desc;라즈푸타나에서의 지배를 끝낼 때가 왔습니다.;;;;;;;;;;;;x
gtfo_SRI_title;스리랑카 독립 허가;;;;;;;;;;;;x,,
gtfo_SRI_desc;스리랑카에서의 지배를 끝낼 때가 왔습니다.;;;;;;;;;;;;x
gtfo_AGC_title;앙고시 독립 허가;;;;;;;;;;;;x,,
gtfo_AGC_desc;앙고시에서의 지배를 끝낼 때가 왔습니다.;;;;;;;;;;;;x
gtfo_ANG_title;앙골라 독립 허가;;;;;;;;;;;;x,,
gtfo_ANG_desc;앙골라에서의 지배를 끝낼 때가 왔습니다.;;;;;;;;;;;;x
gtfo_ARO_title;아로 독립 허가;;;;;;;;;;;;x,,
gtfo_ARO_desc;아로에서의 지배를 끝낼 때가 왔습니다.;;;;;;;;;;;;x
gtfo_ASH_title;아샨티 독립 허가;;;;;;;;;;;;x,,
gtfo_ASH_desc;아샨티에서의 지배를 끝낼 때가 왔습니다.;;;;;;;;;;;;x
gtfo_AWS_title;아와사 독립 허가;;;;;;;;;;;;x,,
gtfo_AWS_desc;아와사에서의 지배를 끝낼 때가 왔습니다.;;;;;;;;;;;;x
gtfo_AZA_title;아잔데 독립 허가;;;;;;;;;;;;x,,
gtfo_AZA_desc;아잔데에서의 지배를 끝낼 때가 왔습니다.;;;;;;;;;;;;x
gtfo_BEN_title;베냉 독립 허가;;;;;;;;;;;;x,,
gtfo_BEN_desc;베냉에서의 지배를 끝낼 때가 왔습니다.;;;;;;;;;;;;x
gtfo_BMK_title;바마코 독립 허가;;;;;;;;;;;;x,,
gtfo_BMK_desc;바마코에서의 지배를 끝낼 때가 왔습니다.;;;;;;;;;;;;x
gtfo_BRD_title;우룬디 독립 허가;;;;;;;;;;;;x,,
gtfo_BRD_desc;우룬디에서의 지배를 끝낼 때가 왔습니다.;;;;;;;;;;;;x
gtfo_BSH_title;바소토 독립 허가;;;;;;;;;;;;x,,
gtfo_BSH_desc;바소토에서의 지배를 끝낼 때가 왔습니다.;;;;;;;;;;;;x
gtfo_BUG_title;부간다 독립 허가;;;;;;;;;;;;x,,
gtfo_BUG_desc;부간다에서의 지배를 끝낼 때가 왔습니다.;;;;;;;;;;;;x
gtfo_CAR_title;중앙아프리카 독립 허가;;;;;;;;;;;;x,,
gtfo_CAR_desc;중앙아프리카에서의 지배를 끝낼 때가 왔습니다.;;;;;;;;;;;;x
gtfo_CGO_title;콩고-브라자빌 독립 허가;;;;;;;;;;;;x,,
gtfo_CGO_desc;콩고-브라자빌에서의 지배를 끝낼 때가 왔습니다.;;;;;;;;;;;;x
gtfo_CHD_title;차드 독립 허가;;;;;;;;;;;;x,,
gtfo_CHD_desc;차드에서의 지배를 끝낼 때가 왔습니다.;;;;;;;;;;;;x
gtfo_CLA_title;칼라바르 독립 허가;;;;;;;;;;;;x,,
gtfo_CLA_desc;칼라바르에서의 지배를 끝낼 때가 왔습니다.;;;;;;;;;;;;x
gtfo_CMR_title;카메룬 독립 허가;;;;;;;;;;;;x,,
gtfo_CMR_desc;카메룬에서의 지배를 끝낼 때가 왔습니다.;;;;;;;;;;;;x
gtfo_CYR_title;키레나이카 독립 허가;;;;;;;;;;;;x,,
gtfo_CYR_desc;키레나이카에서의 지배를 끝낼 때가 왔습니다.;;;;;;;;;;;;x
gtfo_DAH_title;다호메이 독립 허가;;;;;;;;;;;;x,,
gtfo_DAH_desc;다호메이에서의 지배를 끝낼 때가 왔습니다.;;;;;;;;;;;;x
gtfo_DAM_title;다마가람 독립 허가;;;;;;;;;;;;x,,
gtfo_DAM_desc;다마가람에서의 지배를 끝낼 때가 왔습니다.;;;;;;;;;;;;x
gtfo_DAR_title;다르푸르 독립 허가;;;;;;;;;;;;x,,
gtfo_DAR_desc;다르푸르에서의 지배를 끝낼 때가 왔습니다.;;;;;;;;;;;;x
gtfo_DND_title;덴디 독립 허가;;;;;;;;;;;;x,,
gtfo_DND_desc;덴디에서의 지배를 끝낼 때가 왔습니다.;;;;;;;;;;;;x
gtfo_GAB_title;가봉 독립 허가;;;;;;;;;;;;x,,
gtfo_GAB_desc;가봉에서의 지배를 끝낼 때가 왔습니다.;;;;;;;;;;;;x
gtfo_GAZ_title;가봉 독립 허가;;;;;;;;;;;;x,,
gtfo_GAZ_desc;가봉에서의 지배를 끝낼 때가 왔습니다.;;;;;;;;;;;;x
gtfo_GBU_title;가부 독립 허가;;;;;;;;;;;;x,,
gtfo_GBU_desc;가부에서의 지배를 끝낼 때가 왔습니다.;;;;;;;;;;;;x
gtfo_GEL_title;겔레디 독립 허가;;;;;;;;;;;;x,,
gtfo_GEL_desc;겔레디에서의 지배를 끝낼 때가 왔습니다.;;;;;;;;;;;;x
gtfo_GMB_title;감비아 독립 허가;;;;;;;;;;;;x,,
gtfo_GMB_desc;감비아에서의 지배를 끝낼 때가 왔습니다.;;;;;;;;;;;;x
gtfo_GNE_title;기니 독립 허가;;;;;;;;;;;;x,,
gtfo_GNE_desc;기니에서의 지배를 끝낼 때가 왔습니다.;;;;;;;;;;;;x
gtfo_GON_title;곤다르 독립 허가;;;;;;;;;;;;x,,
gtfo_GON_desc;곤다르에서의 지배를 끝낼 때가 왔습니다.;;;;;;;;;;;;x
gtfo_HAR_title;하라르 독립 허가;;;;;;;;;;;;x,,
gtfo_HAR_desc;하라르에서의 지배를 끝낼 때가 왔습니다.;;;;;;;;;;;;x
gtfo_IVC_title;코트디부아르 독립 허가;;;;;;;;;;;;x,,
gtfo_IVC_desc;코트디부아르에서의 지배를 끝낼 때가 왔습니다.;;;;;;;;;;;;x
gtfo_JAL_title;잘론 독립 허가;;;;;;;;;;;;x,,
gtfo_JAL_desc;잘론에서의 지배를 끝낼 때가 왔습니다.;;;;;;;;;;;;x
gtfo_KAF_title;카파 독립 허가;;;;;;;;;;;;x,,
gtfo_KAF_desc;카파에서의 지배를 끝낼 때가 왔습니다.;;;;;;;;;;;;x
gtfo_KBO_title;카넴-보르누 독립 허가;;;;;;;;;;;;x,,
gtfo_KBO_desc;카넴-보르누에서의 지배를 끝낼 때가 왔습니다.;;;;;;;;;;;;x
gtfo_KNG_title;콩 독립 허가;;;;;;;;;;;;x,,
gtfo_KNG_desc;콩에서의 지배를 끝낼 때가 왔습니다.;;;;;;;;;;;;x
gtfo_KNY_title;케냐 독립 허가;;;;;;;;;;;;x,,
gtfo_KNY_desc;케냐에서의 지배를 끝낼 때가 왔습니다.;;;;;;;;;;;;x
gtfo_KON_title;콩고 독립 허가;;;;;;;;;;;;x,,
gtfo_KON_desc;콩고에서의 지배를 끝낼 때가 왔습니다.;;;;;;;;;;;;x
gtfo_KUB_title;쿠바 독립 허가;;;;;;;;;;;;x,,
gtfo_KUB_desc;쿠바에서의 지배를 끝낼 때가 왔습니다.;;;;;;;;;;;;x
gtfo_KZB_title;카잠베 독립 허가;;;;;;;;;;;;x,,
gtfo_KZB_desc;카잠베에서의 지배를 끝낼 때가 왔습니다.;;;;;;;;;;;;x
gtfo_LBA_title;루바 독립 허가;;;;;;;;;;;;x,,
gtfo_LBA_desc;루바에서의 지배를 끝낼 때가 왔습니다.;;;;;;;;;;;;x
gtfo_LBY_title;리비아 독립 허가;;;;;;;;;;;;x,,
gtfo_LBY_desc;리비아에서의 지배를 끝낼 때가 왔습니다.;;;;;;;;;;;;x
gtfo_LOA_title;로앙고 독립 허가;;;;;;;;;;;;x,,
gtfo_LOA_desc;로앙고에서의 지배를 끝낼 때가 왔습니다.;;;;;;;;;;;;x
gtfo_LUN_title;룬다 독립 허가;;;;;;;;;;;;x,,
gtfo_LUN_desc;룬다에서의 지배를 끝낼 때가 왔습니다.;;;;;;;;;;;;x
gtfo_MAJ_title;마제르틴 독립 허가;;;;;;;;;;;;x,,
gtfo_MAJ_desc;마제르틴에서의 지배를 끝낼 때가 왔습니다.;;;;;;;;;;;;x
gtfo_MAS_title;마시나 독립 허가;;;;;;;;;;;;x,,
gtfo_MAS_desc;마시나에서의 지배를 끝낼 때가 왔습니다.;;;;;;;;;;;;x
gtfo_MAT_title;마타벨레 독립 허가;;;;;;;;;;;;x,,
gtfo_MAT_desc;마타벨레에서의 지배를 끝낼 때가 왔습니다.;;;;;;;;;;;;x
gtfo_MLI_title;말리 독립 허가;;;;;;;;;;;;x,,
gtfo_MLI_desc;말리에서의 지배를 끝낼 때가 왔습니다.;;;;;;;;;;;;x
gtfo_MLW_title;말라위 독립 허가;;;;;;;;;;;;x,,
gtfo_MLW_desc;말라위에서의 지배를 끝낼 때가 왔습니다.;;;;;;;;;;;;x
gtfo_MNG_title;몽고 독립 허가;;;;;;;;;;;;x,,
gtfo_MNG_desc;몽고에서의 지배를 끝낼 때가 왔습니다.;;;;;;;;;;;;x
gtfo_MOS_title;모시 독립 허가;;;;;;;;;;;;x,,
gtfo_MOS_desc;모시에서의 지배를 끝낼 때가 왔습니다.;;;;;;;;;;;;x
gtfo_MOZ_title;모잠비크 독립 허가;;;;;;;;;;;;x,,
gtfo_MOZ_desc;모잠비크에서의 지배를 끝낼 때가 왔습니다.;;;;;;;;;;;;x
gtfo_NGR_title;나이지리아 독립 허가;;;;;;;;;;;;x,,
gtfo_NGR_desc;나이지리아에서의 지배를 끝낼 때가 왔습니다.;;;;;;;;;;;;x
gtfo_NIG_title;니제르 독립 허가;;;;;;;;;;;;x,,
gtfo_NIG_desc;니제르에서의 지배를 끝낼 때가 왔습니다.;;;;;;;;;;;;x
gtfo_OYO_title;오요 독립 허가;;;;;;;;;;;;x,,
gtfo_OYO_desc;오요에서의 지배를 끝낼 때가 왔습니다.;;;;;;;;;;;;x
gtfo_RWA_title;르완다 독립 허가;;;;;;;;;;;;x,,
gtfo_RWA_desc;르완다에서의 지배를 끝낼 때가 왔습니다.;;;;;;;;;;;;x
gtfo_SEG_title;세구 독립 허가;;;;;;;;;;;;x,,
gtfo_SEG_desc;세구에서의 지배를 끝낼 때가 왔습니다.;;;;;;;;;;;;x
gtfo_SHO_title;쇼나 독립 허가;;;;;;;;;;;;x,,
gtfo_SHO_desc;쇼나에서의 지배를 끝낼 때가 왔습니다.;;;;;;;;;;;;x
gtfo_SHW_title;시와 독립 허가;;;;;;;;;;;;x,,
gtfo_SHW_desc;시와에서의 지배를 끝낼 때가 왔습니다.;;;;;;;;;;;;x
gtfo_SID_title;시다마 독립 허가;;;;;;;;;;;;x,,
gtfo_SID_desc;시다마에서의 지배를 끝낼 때가 왔습니다.;;;;;;;;;;;;x
gtfo_SLE_title;시에라리온 독립 허가;;;;;;;;;;;;x,,
gtfo_SLE_desc;시에라리온에서의 지배를 끝낼 때가 왔습니다.;;;;;;;;;;;;x
gtfo_SNG_title;세네갈 독립 허가;;;;;;;;;;;;x,,
gtfo_SNG_desc;세네갈에서의 지배를 끝낼 때가 왔습니다.;;;;;;;;;;;;x
gtfo_SOM_title;소말리아 독립 허가;;;;;;;;;;;;x,,
gtfo_SOM_desc;소말리아에서의 지배를 끝낼 때가 왔습니다.;;;;;;;;;;;;x
gtfo_SUA_title;스와지 독립 허가;;;;;;;;;;;;x,,
gtfo_SUA_desc;스와지에서의 지배를 끝낼 때가 왔습니다.;;;;;;;;;;;;x
gtfo_SUD_title;수단 독립 허가;;;;;;;;;;;;x,,
gtfo_SUD_desc;수단에서의 지배를 끝낼 때가 왔습니다.;;;;;;;;;;;;x
gtfo_TIG_title;티그레이 독립 허가;;;;;;;;;;;;x,,
gtfo_TIG_desc;티그레이에서의 지배를 끝낼 때가 왔습니다.;;;;;;;;;;;;x
gtfo_TNZ_title;탕카니카 독립 허가;;;;;;;;;;;;x,,
gtfo_TNZ_desc;탕카니카에서의 지배를 끝낼 때가 왔습니다.;;;;;;;;;;;;x
gtfo_TOG_title;토고 독립 허가;;;;;;;;;;;;x,,
gtfo_TOG_desc;토고에서의 지배를 끝낼 때가 왔습니다.;;;;;;;;;;;;x
gtfo_TOO_title;토로 독립 허가;;;;;;;;;;;;x,,
gtfo_TOO_desc;토로에서의 지배를 끝낼 때가 왔습니다.;;;;;;;;;;;;x
gtfo_TOU_title;투쿨로르 독립 허가;;;;;;;;;;;;x,,
gtfo_TOU_desc;투쿨로르에서의 지배를 끝낼 때가 왔습니다.;;;;;;;;;;;;x
gtfo_TRZ_title;트라르자 독립 허가;;;;;;;;;;;;x,,
gtfo_TRZ_desc;트라르자에서의 지배를 끝낼 때가 왔습니다.;;;;;;;;;;;;x
gtfo_TSW_title;보츠나와 독립 허가;;;;;;;;;;;;x,,
gtfo_TSW_desc;보츠나와에서의 지배를 끝낼 때가 왔습니다.;;;;;;;;;;;;x
gtfo_WAD_title;와다이 독립 허가;;;;;;;;;;;;x,,
gtfo_WAD_desc;와다이에서의 지배를 끝낼 때가 왔습니다.;;;;;;;;;;;;x
gtfo_WRI_title;와리 독립 허가;;;;;;;;;;;;x,,
gtfo_WRI_desc;와리에서의 지배를 끝낼 때가 왔습니다.;;;;;;;;;;;;x
gtfo_WOL_title;우오로프 독립 허가;;;;;;;;;;;;x,,
gtfo_WOL_desc;우오로프에서의 지배를 끝낼 때가 왔습니다.;;;;;;;;;;;;x
gtfo_XHO_title;호사 독립 허가;;;;;;;;;;;;x,,
gtfo_XHO_desc;호사에서의 지배를 끝낼 때가 왔습니다.;;;;;;;;;;;;x
gtfo_ZAM_title;잠비아 독립 허가;;;;;;;;;;;;x,,
gtfo_ZAM_desc;잠비아에서의 지배를 끝낼 때가 왔습니다.;;;;;;;;;;;;x
gtfo_DJA_title;잠비 독립 허가;;;;;;;;;;;;x,,
gtfo_DJA_desc;잠비에서의 지배를 끝낼 때가 왔습니다.;;;;;;;;;;;;x
gtfo_FJN_title;복건 독립 허가;;;;;;;;;;;;x,,
gtfo_FJN_desc;복건에서의 지배를 끝낼 때가 왔습니다.;;;;;;;;;;;;x
gtfo_GMJ_title;서북군 독립 허가;;;;;;;;;;;;x,,
gtfo_GMJ_desc;서북군에서의 지배를 끝낼 때가 왔습니다.;;;;;;;;;;;;x
gtfo_GNG_title;광동 독립 허가;;;;;;;;;;;;x,,
gtfo_GNG_desc;광동에서의 지배를 끝낼 때가 왔습니다.;;;;;;;;;;;;x
gtfo_HNN_title;호남 독립 허가;;;;;;;;;;;;x,,
gtfo_HNN_desc;호남에서의 지배를 끝낼 때가 왔습니다.;;;;;;;;;;;;x
gtfo_HUI_title;안휘 독립 허가;;;;;;;;;;;;x,,
gtfo_HUI_desc;안휘에서의 지배를 끝낼 때가 왔습니다.;;;;;;;;;;;;x
gtfo_INO_title;인도네시아 독립 허가;;;;;;;;;;;;x,,
gtfo_INO_desc;인도네시아에서의 지배를 끝낼 때가 왔습니다.;;;;;;;;;;;;x
gtfo_KCH_title;카친 독립 허가;;;;;;;;;;;;x,,
gtfo_KCH_desc;카친에서의 지배를 끝낼 때가 왔습니다.;;;;;;;;;;;;x
gtfo_KLM_title;칼리만탄 독립 허가;;;;;;;;;;;;x,,
gtfo_KLM_desc;칼리만탄에서의 지배를 끝낼 때가 왔습니다.;;;;;;;;;;;;x
gtfo_KMT_title;중화민국 국민정부 독립 허가;;;;;;;;;;;;x,,
gtfo_KMT_desc;중화민국 국민정부에서의 지배를 끝낼 때가 왔습니다.;;;;;;;;;;;;x
gtfo_KTI_title;쿠타이 독립 허가;;;;;;;;;;;;x,,
gtfo_KTI_desc;쿠타이에서의 지배를 끝낼 때가 왔습니다.;;;;;;;;;;;;x
gtfo_LAN_title;란팡 독립 허가;;;;;;;;;;;;x,,
gtfo_LAN_desc;란팡에서의 지배를 끝낼 때가 왔습니다.;;;;;;;;;;;;x
gtfo_LXA_title;란쌍 독립 허가;;;;;;;;;;;;x,,
gtfo_LXA_desc;란쌍에서의 지배를 끝낼 때가 왔습니다.;;;;;;;;;;;;x
gtfo_MAL_title;말루쿠 독립 허가;;;;;;;;;;;;x,,
gtfo_MAL_desc;말루쿠에서의 지배를 끝낼 때가 왔습니다.;;;;;;;;;;;;x
gtfo_MLY_title;말라야 독립 허가;;;;;;;;;;;;x,,
gtfo_MLY_desc;말라야에서의 지배를 끝낼 때가 왔습니다.;;;;;;;;;;;;x
gtfo_SHA_title;샨 독립 허가;;;;;;;;;;;;x,,
gtfo_SHA_desc;샨에서의 지배를 끝낼 때가 왔습니다.;;;;;;;;;;;;x
gtfo_SLW_title;술라웨시 독립 허가;;;;;;;;;;;;x,,
gtfo_SLW_desc;술라웨시에서의 지배를 끝낼 때가 왔습니다.;;;;;;;;;;;;x
gtfo_SAK_title;시악 독립 허가;;;;;;;;;;;;x,,
gtfo_SAK_desc;시악에서의 지배를 끝낼 때가 왔습니다.;;;;;;;;;;;;x
gtfo_SUL_title;술루 독립 허가;;;;;;;;;;;;x,,
gtfo_SUL_desc;술루에서의 지배를 끝낼 때가 왔습니다.;;;;;;;;;;;;x
gtfo_SWK_title;사라왁 독립 허가;;;;;;;;;;;;x,,
gtfo_SWK_desc;사라왁에서의 지배를 끝낼 때가 왔습니다.;;;;;;;;;;;;x
gtfo_SZC_title;사천 독립 허가;;;;;;;;;;;;x,,
gtfo_SZC_desc;사천에서의 지배를 끝낼 때가 왔습니다.;;;;;;;;;;;;x
gtfo_TAI_title;대만 독립 허가;;;;;;;;;;;;x,,
gtfo_TAI_desc;대만에서의 지배를 끝낼 때가 왔습니다.;;;;;;;;;;;;x
gtfo_CHO_title;조슈 독립 허가;;;;;;;;;;;;x,,
gtfo_CHO_desc;조슈에서의 지배를 끝낼 때가 왔습니다.;;;;;;;;;;;;x
gtfo_KAG_title;가가 독립 허가;;;;;;;;;;;;x,,
gtfo_KAG_desc;가가에서의 지배를 끝낼 때가 왔습니다.;;;;;;;;;;;;x
gtfo_RYU_title;류큐 독립 허가;;;;;;;;;;;;x,,
gtfo_RYU_desc;류큐에서의 지배를 끝낼 때가 왔습니다.;;;;;;;;;;;;x
gtfo_SAT_title;사쓰마 독립 허가;;;;;;;;;;;;x,,
gtfo_SAT_desc;사쓰마에서의 지배를 끝낼 때가 왔습니다.;;;;;;;;;;;;x
gtfo_SEN_title;센다이 독립 허가;;;;;;;;;;;;x,,
gtfo_SEN_desc;센다이에서의 지배를 끝낼 때가 왔습니다.;;;;;;;;;;;;x
gtfo_TKG_title;에도 막부 독립 허가;;;;;;;;;;;;x,,
gtfo_TKG_desc;에도 막부에서의 지배를 끝낼 때가 왔습니다.;;;;;;;;;;;;x
gtfo_TOS_title;도사 독립 허가;;;;;;;;;;;;x,,
gtfo_TOS_desc;도사에서의 지배를 끝낼 때가 왔습니다.;;;;;;;;;;;;x
gtfo_YZW_title;요네자와 독립 허가;;;;;;;;;;;;x,,
gtfo_YZW_desc;요네자와에서의 지배를 끝낼 때가 왔습니다.;;;;;;;;;;;;x
gtfo_FIJ_title;피지 독립 허가;;;;;;;;;;;;x,,
gtfo_FIJ_desc;피지에서의 지배를 끝낼 때가 왔습니다.;;;;;;;;;;;;x
gtfo_TGA_title;통가 독립 허가;;;;;;;;;;;;x,,
gtfo_TGA_desc;통가에서의 지배를 끝낼 때가 왔습니다.;;;;;;;;;;;;x
gtfo_ARA_title;아라비아 독립 허가;;;;;;;;;;;;x,,
gtfo_ARA_desc;아라비아에서의 지배를 끝낼 때가 왔습니다.;;;;;;;;;;;;x
gtfo_BYE_title;벨라루스 독립 허가;;;;;;;;;;;;x,,
gtfo_BYE_desc;벨라루스에서의 지배를 끝낼 때가 왔습니다.;;;;;;;;;;;;x
gtfo_PLC_title;폴란드-리투아니아 독립 허가;;;;;;;;;;;;x,,
gtfo_PLC_desc;폴란드-리투아니아에서의 지배를 끝낼 때가 왔습니다.;;;;;;;;;;;;x
gtfo_UBD_title;발트 연합공국 독립 허가;;;;;;;;;;;;x,,
gtfo_UBD_desc;발트 연합공국에서의 지배를 끝낼 때가 왔습니다.;;;;;;;;;;;;x
gtfo_DEN_title;덴마크 독립 허가;;;;;;;;;;;;x,,
gtfo_DEN_desc;덴마크에서의 지배를 끝낼 때가 왔습니다.;;;;;;;;;;;;x
gtfo_FIN_title;핀란드 독립 허가;;;;;;;;;;;;x,,
gtfo_FIN_desc;핀란드에서의 지배를 끝낼 때가 왔습니다.;;;;;;;;;;;;x
gtfo_NOR_title;노르웨이 독립 허가;;;;;;;;;;;;x,,
gtfo_NOR_desc;노르웨이에서의 지배를 끝낼 때가 왔습니다.;;;;;;;;;;;;x
gtfo_SCA_title;스칸디나비아 독립 허가;;;;;;;;;;;;x,,
gtfo_SCA_desc;스칸디나비아에서의 지배를 끝낼 때가 왔습니다.;;;;;;;;;;;;x
gtfo_SWE_title;스웨덴 독립 허가;;;;;;;;;;;;x,,
gtfo_SWE_desc;스웨덴에서의 지배를 끝낼 때가 왔습니다.;;;;;;;;;;;;x
gtfo_BEL_title;벨기에 독립 허가;;;;;;;;;;;;x,,
gtfo_BEL_desc;벨기에에서의 지배를 끝낼 때가 왔습니다.;;;;;;;;;;;;x
gtfo_CAT_title;카탈루냐 독립 허가;;;;;;;;;;;;x,,
gtfo_CAT_desc;카탈루냐에서의 지배를 끝낼 때가 왔습니다.;;;;;;;;;;;;x
gtfo_FLA_title;플란데런 독립 허가;;;;;;;;;;;;x,,
gtfo_FLA_desc;플란데런에서의 지배를 끝낼 때가 왔습니다.;;;;;;;;;;;;x
gtfo_IRE_title;아일랜드 독립 허가;;;;;;;;;;;;x,,
gtfo_IRE_desc;아일랜드에서의 지배를 끝낼 때가 왔습니다.;;;;;;;;;;;;x
gtfo_NET_title;네덜란드 독립 허가;;;;;;;;;;;;x,,
gtfo_NET_desc;네덜란드에서의 지배를 끝낼 때가 왔습니다.;;;;;;;;;;;;x
gtfo_POR_title;포르투갈 독립 허가;;;;;;;;;;;;x,,
gtfo_POR_desc;포르투갈에서의 지배를 끝낼 때가 왔습니다.;;;;;;;;;;;;x
gtfo_SCO_title;스코틀랜드 독립 허가;;;;;;;;;;;;x,,
gtfo_SCO_desc;스코틀랜드에서의 지배를 끝낼 때가 왔습니다.;;;;;;;;;;;;x
gtfo_SPA_title;에스파냐 독립 허가;;;;;;;;;;;;x,,
gtfo_SPA_desc;에스파냐에서의 지배를 끝낼 때가 왔습니다.;;;;;;;;;;;;x
gtfo_WLL_title;왈롱 독립 허가;;;;;;;;;;;;x,,
gtfo_WLL_desc;왈롱에서의 지배를 끝낼 때가 왔습니다.;;;;;;;;;;;;x
gtfo_ANH_title;안할트 독립 허가;;;;;;;;;;;;x,,
gtfo_ANH_desc;안할트에서의 지배를 끝낼 때가 왔습니다.;;;;;;;;;;;;x
gtfo_BAD_title;바덴 독립 허가;;;;;;;;;;;;x,,
gtfo_BAD_desc;바덴에서의 지배를 끝낼 때가 왔습니다.;;;;;;;;;;;;x
gtfo_BAV_title;바이에른 독립 허가;;;;;;;;;;;;x,,
gtfo_BAV_desc;바이에른에서의 지배를 끝낼 때가 왔습니다.;;;;;;;;;;;;x
gtfo_BRA_title;브라운슈바이크 독립 허가;;;;;;;;;;;;x,,
gtfo_BRA_desc;브라운슈바이크에서의 지배를 끝낼 때가 왔습니다.;;;;;;;;;;;;x
gtfo_BRE_title;브레멘 독립 허가;;;;;;;;;;;;x,,
gtfo_BRE_desc;브레멘에서의 지배를 끝낼 때가 왔습니다.;;;;;;;;;;;;x
gtfo_COB_title;작센-코부르크-고타 독립 허가;;;;;;;;;;;;x,,
gtfo_COB_desc;작센-코부르크-고타에서의 지배를 끝낼 때가 왔습니다.;;;;;;;;;;;;x
gtfo_DZG_title;단치히 독립 허가;;;;;;;;;;;;x,,
gtfo_DZG_desc;단치히에서의 지배를 끝낼 때가 왔습니다.;;;;;;;;;;;;x
gtfo_FRM_title;프랑크푸르트암마인 독립 허가;;;;;;;;;;;;x,,
gtfo_FRM_desc;프랑크푸르트암마인에서의 지배를 끝낼 때가 왔습니다.;;;;;;;;;;;;x
gtfo_HAM_title;함부르크 독립 허가;;;;;;;;;;;;x,,
gtfo_HAM_desc;함부르크에서의 지배를 끝낼 때가 왔습니다.;;;;;;;;;;;;x
gtfo_HAN_title;하노버 독립 허가;;;;;;;;;;;;x,,
gtfo_HAN_desc;하노버에서의 지배를 끝낼 때가 왔습니다.;;;;;;;;;;;;x
gtfo_HES_title;헤센-다름슈타트 독립 허가;;;;;;;;;;;;x,,
gtfo_HES_desc;헤센-다름슈타트에서의 지배를 끝낼 때가 왔습니다.;;;;;;;;;;;;x
gtfo_HEK_title;헤센-케셀 독립 허가;;;;;;;;;;;;x,,
gtfo_HEK_desc;헤센-케셀에서의 지배를 끝낼 때가 왔습니다.;;;;;;;;;;;;x
gtfo_HOL_title;홀슈타인 독립 허가;;;;;;;;;;;;x,,
gtfo_HOL_desc;홀슈타인에서의 지배를 끝낼 때가 왔습니다.;;;;;;;;;;;;x
gtfo_LIP_title;리페-데트몰트 독립 허가;;;;;;;;;;;;x,,
gtfo_LIP_desc;리페-데트몰트에서의 지배를 끝낼 때가 왔습니다.;;;;;;;;;;;;x
gtfo_LUB_title;뤼베크 독립 허가;;;;;;;;;;;;x,,
gtfo_LUB_desc;뤼베크에서의 지배를 끝낼 때가 왔습니다.;;;;;;;;;;;;x
gtfo_LUX_title;룩셈부르크 독립 허가;;;;;;;;;;;;x,,
gtfo_LUX_desc;룩셈부르크에서의 지배를 끝낼 때가 왔습니다.;;;;;;;;;;;;x
gtfo_MEC_title;메클렌부르크 독립 허가;;;;;;;;;;;;x,,
gtfo_MEC_desc;메클렌부르크에서의 지배를 끝낼 때가 왔습니다.;;;;;;;;;;;;x
gtfo_MEI_title;작센-마이닝겐 독립 허가;;;;;;;;;;;;x,,
gtfo_MEI_desc;작센-마이닝겐에서의 지배를 끝낼 때가 왔습니다.;;;;;;;;;;;;x
gtfo_NAS_title;나사우 독립 허가;;;;;;;;;;;;x,,
gtfo_NAS_desc;나사우에서의 지배를 끝낼 때가 왔습니다.;;;;;;;;;;;;x
gtfo_NGF_title;북독일 독립 허가;;;;;;;;;;;;x,,
gtfo_NGF_desc;북독일에서의 지배를 끝낼 때가 왔습니다.;;;;;;;;;;;;x
gtfo_OLD_title;올덴부르크 독립 허가;;;;;;;;;;;;x,,
gtfo_OLD_desc;올덴부르크에서의 지배를 끝낼 때가 왔습니다.;;;;;;;;;;;;x
gtfo_SAX_title;작센 독립 허가;;;;;;;;;;;;x,,
gtfo_SAX_desc;작센에서의 지배를 끝낼 때가 왔습니다.;;;;;;;;;;;;x
gtfo_SCH_title;슐레스비히 독립 허가;;;;;;;;;;;;x,,
gtfo_SCH_desc;슐레스비히에서의 지배를 끝낼 때가 왔습니다.;;;;;;;;;;;;x
gtfo_SGF_title;남독일 독립 허가;;;;;;;;;;;;x,,
gtfo_SGF_desc;남독일에서의 지배를 끝낼 때가 왔습니다.;;;;;;;;;;;;x
gtfo_WEI_title;작센-바이마르 독립 허가;;;;;;;;;;;;x,,
gtfo_WEI_desc;작센-바이마르에서의 지배를 끝낼 때가 왔습니다.;;;;;;;;;;;;x
gtfo_WUR_title;뷔르템부르크 독립 허가;;;;;;;;;;;;x,,
gtfo_WUR_desc;뷔르템부르크에서의 지배를 끝낼 때가 왔습니다.;;;;;;;;;;;;x
gtfo_LOM_title;롬바르디아 독립 허가;;;;;;;;;;;;x,,
gtfo_LOM_desc;롬바르디아에서의 지배를 끝낼 때가 왔습니다.;;;;;;;;;;;;x
gtfo_LUC_title;루카 독립 허가;;;;;;;;;;;;x,,
gtfo_LUC_desc;루카에서의 지배를 끝낼 때가 왔습니다.;;;;;;;;;;;;x
gtfo_MOD_title;모데나 독립 허가;;;;;;;;;;;;x,,
gtfo_MOD_desc;모데나에서의 지배를 끝낼 때가 왔습니다.;;;;;;;;;;;;x
gtfo_PAP_title;교황령 독립 허가;;;;;;;;;;;;x,,
gtfo_PAP_desc;교황령에서의 지배를 끝낼 때가 왔습니다.;;;;;;;;;;;;x
gtfo_PAR_title;파르마 독립 허가;;;;;;;;;;;;x,,
gtfo_PAR_desc;파르마에서의 지배를 끝낼 때가 왔습니다.;;;;;;;;;;;;x
gtfo_SAR_title;사르데냐-피에몬테 독립 허가;;;;;;;;;;;;x,,
gtfo_SAR_desc;사르데냐-피에몬테에서의 지배를 끝낼 때가 왔습니다.;;;;;;;;;;;;x
gtfo_SIC_title;양시칠리아 독립 허가;;;;;;;;;;;;x,,
gtfo_SIC_desc;양시칠리아에서의 지배를 끝낼 때가 왔습니다.;;;;;;;;;;;;x
gtfo_TRE_title;트리에스테 독립 허가;;;;;;;;;;;;x,,
gtfo_TRE_desc;트리에스테에서의 지배를 끝낼 때가 왔습니다.;;;;;;;;;;;;x
gtfo_TUS_title;토스카나 독립 허가;;;;;;;;;;;;x,,
gtfo_TUS_desc;토스카나에서의 지배를 끝낼 때가 왔습니다.;;;;;;;;;;;;x
gtfo_VEN_title;베네치아 독립 허가;;;;;;;;;;;;x,,
gtfo_VEN_desc;베네치아에서의 지배를 끝낼 때가 왔습니다.;;;;;;;;;;;;x
gtfo_BOH_title;보헤미아-모라비아 독립 허가;;;;;;;;;;;;x,,
gtfo_BOH_desc;보헤미아-모라비아에서의 지배를 끝낼 때가 왔습니다.;;;;;;;;;;;;x
gtfo_KRA_title;크라쿠프 독립 허가;;;;;;;;;;;;x,,
gtfo_KRA_desc;크라쿠프에서의 지배를 끝낼 때가 왔습니다.;;;;;;;;;;;;x
gtfo_CRI_title;크림 독립 허가;;;;;;;;;;;;x,,
gtfo_CRI_desc;크림에서의 지배를 끝낼 때가 왔습니다.;;;;;;;;;;;;x
gtfo_EST_title;에스토니아 독립 허가;;;;;;;;;;;;x,,
gtfo_EST_desc;에스토니아에서의 지배를 끝낼 때가 왔습니다.;;;;;;;;;;;;x
gtfo_HUN_title;헝가리 독립 허가;;;;;;;;;;;;x,,
gtfo_HUN_desc;헝가리에서의 지배를 끝낼 때가 왔습니다.;;;;;;;;;;;;x
gtfo_LIT_title;리투아니아 독립 허가;;;;;;;;;;;;x,,
gtfo_LIT_desc;리투아니아에서의 지배를 끝낼 때가 왔습니다.;;;;;;;;;;;;x
gtfo_LAT_title;라트비아 독립 허가;;;;;;;;;;;;x,,
gtfo_LAT_desc;라트비아에서의 지배를 끝낼 때가 왔습니다.;;;;;;;;;;;;x
gtfo_POL_title;폴란드 독립 허가;;;;;;;;;;;;x,,
gtfo_POL_desc;폴란드에서의 지배를 끝낼 때가 왔습니다.;;;;;;;;;;;;x
gtfo_SLV_title;슬로바키아 독립 허가;;;;;;;;;;;;x,,
gtfo_SLV_desc;슬로바키아에서의 지배를 끝낼 때가 왔습니다.;;;;;;;;;;;;x
gtfo_SWI_title;스위스 독립 허가;;;;;;;;;;;;x,,
gtfo_SWI_desc;스위스에서의 지배를 끝낼 때가 왔습니다.;;;;;;;;;;;;x
gtfo_RUT_title;루테니아 독립 허가;;;;;;;;;;;;x,,
gtfo_RUT_desc;루테니아에서의 지배를 끝낼 때가 왔습니다.;;;;;;;;;;;;x
gtfo_SIE_title;지벤뷔르겐 독립 허가;;;;;;;;;;;;x,,
gtfo_SIE_desc;지벤뷔르겐에서의 지배를 끝낼 때가 왔습니다.;;;;;;;;;;;;x
gtfo_UKR_title;우크라이나 독립 허가;;;;;;;;;;;;x,,
gtfo_UKR_desc;우크라이나에서의 지배를 끝낼 때가 왔습니다.;;;;;;;;;;;;x
gtfo_CZH_title;체코슬로바키아 독립 허가;;;;;;;;;;;;x,,
gtfo_CZH_desc;체코슬로바키아에서의 지배를 끝낼 때가 왔습니다.;;;;;;;;;;;;x
gtfo_ALB_title;알바니아 독립 허가;;;;;;;;;;;;x,,
gtfo_ALB_desc;알바니아에서의 지배를 끝낼 때가 왔습니다.;;;;;;;;;;;;x
gtfo_BOS_title;보스니아-헤르체고비나 독립 허가;;;;;;;;;;;;x,,
gtfo_BOS_desc;보스니아-헤르체고비나에서의 지배를 끝낼 때가 왔습니다.;;;;;;;;;;;;x
gtfo_BUL_title;불가리아 독립 허가;;;;;;;;;;;;x,,
gtfo_BUL_desc;불가리아에서의 지배를 끝낼 때가 왔습니다.;;;;;;;;;;;;x
gtfo_CRE_title;크레타 독립 허가;;;;;;;;;;;;x,,
gtfo_CRE_desc;크레타에서의 지배를 끝낼 때가 왔습니다.;;;;;;;;;;;;x
gtfo_CRO_title;크로아티아 독립 허가;;;;;;;;;;;;x,,
gtfo_CRO_desc;크로아티아에서의 지배를 끝낼 때가 왔습니다.;;;;;;;;;;;;x
gtfo_CYP_title;키프로스 독립 허가;;;;;;;;;;;;x,,
gtfo_CYP_desc;키프로스에서의 지배를 끝낼 때가 왔습니다.;;;;;;;;;;;;x
gtfo_GRE_title;그리스 독립 허가;;;;;;;;;;;;x,,
gtfo_GRE_desc;그리스에서의 지배를 끝낼 때가 왔습니다.;;;;;;;;;;;;x
gtfo_ION_title;이오니아 독립 허가;;;;;;;;;;;;x,,
gtfo_ION_desc;이오니아에서의 지배를 끝낼 때가 왔습니다.;;;;;;;;;;;;x
gtfo_MOL_title;몰다비아 독립 허가;;;;;;;;;;;;x,,
gtfo_MOL_desc;몰다비아에서의 지배를 끝낼 때가 왔습니다.;;;;;;;;;;;;x
gtfo_MON_title;몬테네그로 독립 허가;;;;;;;;;;;;x,,
gtfo_MON_desc;몬테네그로에서의 지배를 끝낼 때가 왔습니다.;;;;;;;;;;;;x
gtfo_ROM_title;루마니아 독립 허가;;;;;;;;;;;;x,,
gtfo_ROM_desc;루마니아에서의 지배를 끝낼 때가 왔습니다.;;;;;;;;;;;;x
gtfo_SER_title;세르비아 독립 허가;;;;;;;;;;;;x,,
gtfo_SER_desc;세르비아에서의 지배를 끝낼 때가 왔습니다.;;;;;;;;;;;;x
gtfo_SLO_title;슬로베니아 독립 허가;;;;;;;;;;;;x,,
gtfo_SLO_desc;슬로베니아에서의 지배를 끝낼 때가 왔습니다.;;;;;;;;;;;;x
gtfo_TUR_title;오스만 독립 허가;;;;;;;;;;;;x,,
gtfo_TUR_desc;오스만에서의 지배를 끝낼 때가 왔습니다.;;;;;;;;;;;;x
gtfo_WAL_title;왈라키아 독립 허가;;;;;;;;;;;;x,,
gtfo_WAL_desc;왈라키아에서의 지배를 끝낼 때가 왔습니다.;;;;;;;;;;;;x
gtfo_YUG_title;유고슬라비아 독립 허가;;;;;;;;;;;;x,,
gtfo_YUG_desc;유고슬라비아에서의 지배를 끝낼 때가 왔습니다.;;;;;;;;;;;;x
gtfo_ALD_title;알제리 독립 허가;;;;;;;;;;;;x,,
gtfo_ALD_desc;알제리에서의 지배를 끝낼 때가 왔습니다.;;;;;;;;;;;;x
gtfo_CNG_title;콩고 자유국 독립 허가;;;;;;;;;;;;x,,
gtfo_CNG_desc;콩고 자유국에서의 지배를 끝낼 때가 왔습니다.;;;;;;;;;;;;x
gtfo_EGY_title;이집트 독립 허가;;;;;;;;;;;;x,,
gtfo_EGY_desc;이집트에서의 지배를 끝낼 때가 왔습니다.;;;;;;;;;;;;x
gtfo_ETH_title;에티오피아 독립 허가;;;;;;;;;;;;x,,
gtfo_ETH_desc;에티오피아에서의 지배를 끝낼 때가 왔습니다.;;;;;;;;;;;;x
gtfo_MAD_title;마다가스카르 독립 허가;;;;;;;;;;;;x,,
gtfo_MAD_desc;마다가스카르에서의 지배를 끝낼 때가 왔습니다.;;;;;;;;;;;;x
gtfo_LIB_title;라이베리아 독립 허가;;;;;;;;;;;;x,,
gtfo_LIB_desc;라이베리아에서의 지배를 끝낼 때가 왔습니다.;;;;;;;;;;;;x
gtfo_MOR_title;모로코 독립 허가;;;;;;;;;;;;x,,
gtfo_MOR_desc;모로코에서의 지배를 끝낼 때가 왔습니다.;;;;;;;;;;;;x
gtfo_NAL_title;나탈리아 독립 허가;;;;;;;;;;;;x,,
gtfo_NAL_desc;나탈리아에서의 지배를 끝낼 때가 왔습니다.;;;;;;;;;;;;x
gtfo_ORA_title;오라녜 독립 허가;;;;;;;;;;;;x,,
gtfo_ORA_desc;오라녜에서의 지배를 끝낼 때가 왔습니다.;;;;;;;;;;;;x
gtfo_SAF_title;남아프리카 독립 허가;;;;;;;;;;;;x,,
gtfo_SAF_desc;남아프리카에서의 지배를 끝낼 때가 왔습니다.;;;;;;;;;;;;x
gtfo_SOK_title;소코토 독립 허가;;;;;;;;;;;;x,,
gtfo_SOK_desc;소코토에서의 지배를 끝낼 때가 왔습니다.;;;;;;;;;;;;x
gtfo_RHO_title;남로지디아 독립 허가;;;;;;;;;;;;x,,
gtfo_RHO_desc;남로지디아에서의 지배를 끝낼 때가 왔습니다.;;;;;;;;;;;;x
gtfo_TRI_title;트리폴리 독립 허가;;;;;;;;;;;;x,,
gtfo_TRI_desc;트리폴리에서의 지배를 끝낼 때가 왔습니다.;;;;;;;;;;;;x
gtfo_TRN_title;트란스발 독립 허가;;;;;;;;;;;;x,,
gtfo_TRN_desc;트란스발에서의 지배를 끝낼 때가 왔습니다.;;;;;;;;;;;;x
gtfo_TUN_title;튀니지 독립 허가;;;;;;;;;;;;x,,
gtfo_TUN_desc;튀니지에서의 지배를 끝낼 때가 왔습니다.;;;;;;;;;;;;x
gtfo_ZAN_title;잔지바르 독립 허가;;;;;;;;;;;;x,,
gtfo_ZAN_desc;잔지바르에서의 지배를 끝낼 때가 왔습니다.;;;;;;;;;;;;x
gtfo_ZUL_title;줄루 독립 허가;;;;;;;;;;;;x,,
gtfo_ZUL_desc;줄루에서의 지배를 끝낼 때가 왔습니다.;;;;;;;;;;;;x
gtfo_ABU_title;아부다비 독립 허가;;;;;;;;;;;;x,,
gtfo_ABU_desc;아부다비에서의 지배를 끝낼 때가 왔습니다.;;;;;;;;;;;;x
gtfo_AFG_title;아프가니스탄 독립 허가;;;;;;;;;;;;x,,
gtfo_AFG_desc;아프가니스탄에서의 지배를 끝낼 때가 왔습니다.;;;;;;;;;;;;x
gtfo_ARM_title;아르메니아 독립 허가;;;;;;;;;;;;x,,
gtfo_ARM_desc;아르메니아에서의 지배를 끝낼 때가 왔습니다.;;;;;;;;;;;;x
gtfo_AZB_title;아제르바이잔 독립 허가;;;;;;;;;;;;x,,
gtfo_AZB_desc;아제르바이잔에서의 지배를 끝낼 때가 왔습니다.;;;;;;;;;;;;x
gtfo_BUK_title;부하라 독립 허가;;;;;;;;;;;;x,,
gtfo_BUK_desc;부하라에서의 지배를 끝낼 때가 왔습니다.;;;;;;;;;;;;x
gtfo_GEO_title;그루지야 독립 허가;;;;;;;;;;;;x,,
gtfo_GEO_desc;그루지야에서의 지배를 끝낼 때가 왔습니다.;;;;;;;;;;;;x
gtfo_HDJ_title;헤자즈 독립 허가;;;;;;;;;;;;x,,
gtfo_HDJ_desc;헤자즈에서의 지배를 끝낼 때가 왔습니다.;;;;;;;;;;;;x
gtfo_IRQ_title;이라크 독립 허가;;;;;;;;;;;;x,,
gtfo_IRQ_desc;이라크에서의 지배를 끝낼 때가 왔습니다.;;;;;;;;;;;;x
gtfo_KHI_title;키바 독립 허가;;;;;;;;;;;;x,,
gtfo_KHI_desc;키바에서의 지배를 끝낼 때가 왔습니다.;;;;;;;;;;;;x
gtfo_KOK_title;코칸드 독립 허가;;;;;;;;;;;;x,,
gtfo_KOK_desc;코칸드에서의 지배를 끝낼 때가 왔습니다.;;;;;;;;;;;;x
gtfo_MUG_title;무굴 독립 허가;;;;;;;;;;;;x,,
gtfo_MUG_desc;무굴에서의 지배를 끝낼 때가 왔습니다.;;;;;;;;;;;;x
gtfo_NEJ_title;네지드 독립 허가;;;;;;;;;;;;x,,
gtfo_NEJ_desc;네지드에서의 지배를 끝낼 때가 왔습니다.;;;;;;;;;;;;x
gtfo_OMA_title;오만 독립 허가;;;;;;;;;;;;x,,
gtfo_OMA_desc;오만에서의 지배를 끝낼 때가 왔습니다.;;;;;;;;;;;;x
gtfo_PER_title;페르시아 독립 허가;;;;;;;;;;;;x,,
gtfo_PER_desc;페르시아에서의 지배를 끝낼 때가 왔습니다.;;;;;;;;;;;;x
gtfo_YEM_title;예멘 독립 허가;;;;;;;;;;;;x,,
gtfo_YEM_desc;예멘에서의 지배를 끝낼 때가 왔습니다.;;;;;;;;;;;;x
gtfo_HND_title;인도 독립 허가;;;;;;;;;;;;x,,
gtfo_HND_desc;인도에서의 지배를 끝낼 때가 왔습니다.;;;;;;;;;;;;x
gtfo_AWA_title;아와드 독립 허가;;;;;;;;;;;;x,,
gtfo_AWA_desc;아와드에서의 지배를 끝낼 때가 왔습니다.;;;;;;;;;;;;x
gtfo_BAS_title;바스타르 독립 허가;;;;;;;;;;;;x,,
gtfo_BAS_desc;바스타르에서의 지배를 끝낼 때가 왔습니다.;;;;;;;;;;;;x
gtfo_BER_title;브로다 독립 허가;;;;;;;;;;;;x,,
gtfo_BER_desc;브로다에서의 지배를 끝낼 때가 왔습니다.;;;;;;;;;;;;x
gtfo_BHO_title;보팔 독립 허가;;;;;;;;;;;;x,,
gtfo_BHO_desc;보팔에서의 지배를 끝낼 때가 왔습니다.;;;;;;;;;;;;x
gtfo_BIK_title;비카네르 독립 허가;;;;;;;;;;;;x,,
gtfo_BIK_desc;비카네르에서의 지배를 끝낼 때가 왔습니다.;;;;;;;;;;;;x
gtfo_BUN_title;분델칸드 독립 허가;;;;;;;;;;;;x,,
gtfo_BUN_desc;분델칸드에서의 지배를 끝낼 때가 왔습니다.;;;;;;;;;;;;x
gtfo_GWA_title;괄리오르 독립 허가;;;;;;;;;;;;x,,
gtfo_GWA_desc;괄리오르에서의 지배를 끝낼 때가 왔습니다.;;;;;;;;;;;;x
gtfo_HYD_title;하이데라바드 독립 허가;;;;;;;;;;;;x,,
gtfo_HYD_desc;하이데라바드에서의 지배를 끝낼 때가 왔습니다.;;;;;;;;;;;;x
gtfo_IND_title;인도르 독립 허가;;;;;;;;;;;;x,,
gtfo_IND_desc;인도르에서의 지배를 끝낼 때가 왔습니다.;;;;;;;;;;;;x
gtfo_JAI_title;자이푸르 독립 허가;;;;;;;;;;;;x,,
gtfo_JAI_desc;자이푸르에서의 지배를 끝낼 때가 왔습니다.;;;;;;;;;;;;x
gtfo_JAS_title;자이살메르 독립 허가;;;;;;;;;;;;x,,
gtfo_JAS_desc;자이살메르에서의 지배를 끝낼 때가 왔습니다.;;;;;;;;;;;;x
gtfo_JOD_title;조드푸르 독립 허가;;;;;;;;;;;;x,,
gtfo_JOD_desc;조드푸르에서의 지배를 끝낼 때가 왔습니다.;;;;;;;;;;;;x
gtfo_KAL_title;칼라트 독립 허가;;;;;;;;;;;;x,,
gtfo_KAL_desc;칼라트에서의 지배를 끝낼 때가 왔습니다.;;;;;;;;;;;;x
gtfo_KAS_title;카슈미르 독립 허가;;;;;;;;;;;;x,,
gtfo_KAS_desc;카슈미르에서의 지배를 끝낼 때가 왔습니다.;;;;;;;;;;;;x
gtfo_KUT_title;쿠치 독립 허가;;;;;;;;;;;;x,,
gtfo_KUT_desc;쿠치에서의 지배를 끝낼 때가 왔습니다.;;;;;;;;;;;;x
gtfo_LAD_title;라다크 독립 허가;;;;;;;;;;;;x,,
gtfo_LAD_desc;라다크에서의 지배를 끝낼 때가 왔습니다.;;;;;;;;;;;;x
gtfo_MAK_title;마크란 독립 허가;;;;;;;;;;;;x,,
gtfo_MAK_desc;마크란에서의 지배를 끝낼 때가 왔습니다.;;;;;;;;;;;;x
gtfo_MEW_title;메와르 독립 허가;;;;;;;;;;;;x,,
gtfo_MEW_desc;메와르에서의 지배를 끝낼 때가 왔습니다.;;;;;;;;;;;;x
gtfo_MYS_title;마이소르 독립 허가;;;;;;;;;;;;x,,
gtfo_MYS_desc;마이소르에서의 지배를 끝낼 때가 왔습니다.;;;;;;;;;;;;x
gtfo_NAG_title;나그푸르 독립 허가;;;;;;;;;;;;x,,
gtfo_NAG_desc;나그푸르에서의 지배를 끝낼 때가 왔습니다.;;;;;;;;;;;;x
gtfo_NEP_title;네팔 독립 허가;;;;;;;;;;;;x,,
gtfo_NEP_desc;네팔에서의 지배를 끝낼 때가 왔습니다.;;;;;;;;;;;;x
gtfo_ORI_title;오리사 독립 허가;;;;;;;;;;;;x,,
gtfo_ORI_desc;오리사에서의 지배를 끝낼 때가 왔습니다.;;;;;;;;;;;;x
gtfo_PNJ_title;펀자브 독립 허가;;;;;;;;;;;;x,,
gtfo_PNJ_desc;펀자브에서의 지배를 끝낼 때가 왔습니다.;;;;;;;;;;;;x
gtfo_SHI_title;심라 독립 허가;;;;;;;;;;;;x,,
gtfo_SHI_desc;심라에서의 지배를 끝낼 때가 왔습니다.;;;;;;;;;;;;x
gtfo_SIK_title;시킴 독립 허가;;;;;;;;;;;;x,,
gtfo_SIK_desc;시킴에서의 지배를 끝낼 때가 왔습니다.;;;;;;;;;;;;x
gtfo_SIN_title;신드 독립 허가;;;;;;;;;;;;x,,
gtfo_SIN_desc;신드에서의 지배를 끝낼 때가 왔습니다.;;;;;;;;;;;;x
gtfo_TRA_title;트라방코르 독립 허가;;;;;;;;;;;;x,,
gtfo_TRA_desc;트라방코르에서의 지배를 끝낼 때가 왔습니다.;;;;;;;;;;;;x
gtfo_ATJ_title;아체 독립 허가;;;;;;;;;;;;x,,
gtfo_ATJ_desc;아체에서의 지배를 끝낼 때가 왔습니다.;;;;;;;;;;;;x
gtfo_BAL_title;발리 독립 허가;;;;;;;;;;;;x,,
gtfo_BAL_desc;발리에서의 지배를 끝낼 때가 왔습니다.;;;;;;;;;;;;x
gtfo_BHU_title;부탄 독립 허가;;;;;;;;;;;;x,,
gtfo_BHU_desc;부탄에서의 지배를 끝낼 때가 왔습니다.;;;;;;;;;;;;x
gtfo_BRU_title;브루나이 독립 허가;;;;;;;;;;;;x,,
gtfo_BRU_desc;브루나이에서의 지배를 끝낼 때가 왔습니다.;;;;;;;;;;;;x
gtfo_BUR_title;버마 독립 허가;;;;;;;;;;;;x,,
gtfo_BUR_desc;버마에서의 지배를 끝낼 때가 왔습니다.;;;;;;;;;;;;x
gtfo_CAM_title;캄보디아 독립 허가;;;;;;;;;;;;x,,
gtfo_CAM_desc;캄보디아에서의 지배를 끝낼 때가 왔습니다.;;;;;;;;;;;;x
gtfo_CHI_title;중국 독립 허가;;;;;;;;;;;;x,,
gtfo_CHI_desc;중국에서의 지배를 끝낼 때가 왔습니다.;;;;;;;;;;;;x
gtfo_DAI_title;베트남 독립 허가;;;;;;;;;;;;x,,
gtfo_DAI_desc;베트남에서의 지배를 끝낼 때가 왔습니다.;;;;;;;;;;;;x
gtfo_JAV_title;자바 독립 허가;;;;;;;;;;;;x,,
gtfo_JAV_desc;자바에서의 지배를 끝낼 때가 왔습니다.;;;;;;;;;;;;x
gtfo_KOR_title;조선 독립 허가;;;;;;;;;;;;x,,
gtfo_KOR_desc;조선에서의 지배를 끝낼 때가 왔습니다.;;;;;;;;;;;;x
gtfo_LUA_title;루앙프라방 독립 허가;;;;;;;;;;;;x,,
gtfo_LUA_desc;루앙프라방에서의 지배를 끝낼 때가 왔습니다.;;;;;;;;;;;;x
gtfo_JOH_title;조호르 독립 허가;;;;;;;;;;;;x,,
gtfo_JOH_desc;조호르에서의 지배를 끝낼 때가 왔습니다.;;;;;;;;;;;;x
gtfo_SIA_title;시암 독립 허가;;;;;;;;;;;;x,,
gtfo_SIA_desc;시암에서의 지배를 끝낼 때가 왔습니다.;;;;;;;;;;;;x
gtfo_TIB_title;티베트 독립 허가;;;;;;;;;;;;x,,
gtfo_TIB_desc;티베트에서의 지배를 끝낼 때가 왔습니다.;;;;;;;;;;;;x
gtfo_MGL_title;몽골 독립 허가;;;;;;;;;;;;x,,
gtfo_MGL_desc;몽골에서의 지배를 끝낼 때가 왔습니다.;;;;;;;;;;;;x
gtfo_WIA_title;위앙짱 독립 허가;;;;;;;;;;;;x,,
gtfo_WIA_desc;위앙짱에서의 지배를 끝낼 때가 왔습니다.;;;;;;;;;;;;x
gtfo_PHL_title;필리핀 독립 허가;;;;;;;;;;;;x,,
gtfo_PHL_desc;필리핀에서의 지배를 끝낼 때가 왔습니다.;;;;;;;;;;;;x
gtfo_MCK_title;만주 독립 허가;;;;;;;;;;;;x,,
gtfo_MCK_desc;만주에서의 지배를 끝낼 때가 왔습니다.;;;;;;;;;;;;x
gtfo_GXI_title;광서 독립 허가;;;;;;;;;;;;x,,
gtfo_GXI_desc;광서에서의 지배를 끝낼 때가 왔습니다.;;;;;;;;;;;;x
gtfo_SXI_title;산서 독립 허가;;;;;;;;;;;;x,,
gtfo_SXI_desc;산서에서의 지배를 끝낼 때가 왔습니다.;;;;;;;;;;;;x
gtfo_YNN_title;운남 독립 허가;;;;;;;;;;;;x,,
gtfo_YNN_desc;운남에서의 지배를 끝낼 때가 왔습니다.;;;;;;;;;;;;x
gtfo_XBI_title;청해 독립 허가;;;;;;;;;;;;x,,
gtfo_XBI_desc;청해에서의 지배를 끝낼 때가 왔습니다.;;;;;;;;;;;;x
gtfo_XIN_title;신강 독립 허가;;;;;;;;;;;;x,,
gtfo_XIN_desc;신강에서의 지배를 끝낼 때가 왔습니다.;;;;;;;;;;;;x
gtfo_CAL_title;캘리포니아 독립 허가;;;;;;;;;;;;x,,
gtfo_CAL_desc;캘리포니아에서의 지배를 끝낼 때가 왔습니다.;;;;;;;;;;;;x
gtfo_CAN_title;캐나다 독립 허가;;;;;;;;;;;;x,,
gtfo_CAN_desc;캐나다에서의 지배를 끝낼 때가 왔습니다.;;;;;;;;;;;;x
gtfo_CHE_title;체로키 독립 허가;;;;;;;;;;;;x,,
gtfo_CHE_desc;체로키에서의 지배를 끝낼 때가 왔습니다.;;;;;;;;;;;;x
gtfo_COL_title;컬럼비아 독립 허가;;;;;;;;;;;;x,,
gtfo_COL_desc;컬럼비아에서의 지배를 끝낼 때가 왔습니다.;;;;;;;;;;;;x
gtfo_COS_title;코스타리카 독립 허가;;;;;;;;;;;;x,,
gtfo_COS_desc;코스타리카에서의 지배를 끝낼 때가 왔습니다.;;;;;;;;;;;;x
gtfo_CSA_title;남부맹방 독립 허가;;;;;;;;;;;;x,,
gtfo_CSA_desc;남부맹방에서의 지배를 끝낼 때가 왔습니다.;;;;;;;;;;;;x
gtfo_CUB_title;쿠바 독립 허가;;;;;;;;;;;;x,,
gtfo_CUB_desc;쿠바에서의 지배를 끝낼 때가 왔습니다.;;;;;;;;;;;;x
gtfo_DES_title;데저릿 독립 허가;;;;;;;;;;;;x,,
gtfo_DES_desc;데저릿에서의 지배를 끝낼 때가 왔습니다.;;;;;;;;;;;;x
gtfo_DOM_title;도미니카 독립 허가;;;;;;;;;;;;x,,
gtfo_DOM_desc;도미니카에서의 지배를 끝낼 때가 왔습니다.;;;;;;;;;;;;x
gtfo_ELS_title;엘살바도르 독립 허가;;;;;;;;;;;;x,,
gtfo_ELS_desc;엘살바도르에서의 지배를 끝낼 때가 왔습니다.;;;;;;;;;;;;x
gtfo_GUA_title;과테말라 독립 허가;;;;;;;;;;;;x,,
gtfo_GUA_desc;과테말라에서의 지배를 끝낼 때가 왔습니다.;;;;;;;;;;;;x
gtfo_HAI_title;아이티 독립 허가;;;;;;;;;;;;x,,
gtfo_HAI_desc;아이티에서의 지배를 끝낼 때가 왔습니다.;;;;;;;;;;;;x
gtfo_HAW_title;하와이 독립 허가;;;;;;;;;;;;x,,
gtfo_HAW_desc;하와이에서의 지배를 끝낼 때가 왔습니다.;;;;;;;;;;;;x
gtfo_MEX_title;멕시코 독립 허가;;;;;;;;;;;;x,,
gtfo_MEX_desc;멕시코에서의 지배를 끝낼 때가 왔습니다.;;;;;;;;;;;;x
gtfo_MTC_title;메티스 독립 허가;;;;;;;;;;;;x,,
gtfo_MTC_desc;메티스에서의 지배를 끝낼 때가 왔습니다.;;;;;;;;;;;;x
gtfo_HON_title;온두라스 독립 허가;;;;;;;;;;;;x,,
gtfo_HON_desc;온두라스에서의 지배를 끝낼 때가 왔습니다.;;;;;;;;;;;;x
gtfo_NEN_title;뉴잉글랜드 독립 허가;;;;;;;;;;;;x,,
gtfo_NEN_desc;뉴잉글랜드에서의 지배를 끝낼 때가 왔습니다.;;;;;;;;;;;;x
gtfo_NEW_title;뉴펀들랜드 독립 허가;;;;;;;;;;;;x,,
gtfo_NEW_desc;뉴펀들랜드에서의 지배를 끝낼 때가 왔습니다.;;;;;;;;;;;;x
gtfo_NIC_title;니카라과 독립 허가;;;;;;;;;;;;x,,
gtfo_NIC_desc;니카라과에서의 지배를 끝낼 때가 왔습니다.;;;;;;;;;;;;x
gtfo_PNM_title;파나마 독립 허가;;;;;;;;;;;;x,,
gtfo_PNM_desc;파나마에서의 지배를 끝낼 때가 왔습니다.;;;;;;;;;;;;x
gtfo_QUE_title;퀘벡 독립 허가;;;;;;;;;;;;x,,
gtfo_QUE_desc;퀘벡에서의 지배를 끝낼 때가 왔습니다.;;;;;;;;;;;;x
gtfo_TEX_title;텍사스 독립 허가;;;;;;;;;;;;x,,
gtfo_TEX_desc;텍사스에서의 지배를 끝낼 때가 왔습니다.;;;;;;;;;;;;x
gtfo_UCA_title;중앙아메리카 독립 허가;;;;;;;;;;;;x,,
gtfo_UCA_desc;중앙아메리카에서의 지배를 끝낼 때가 왔습니다.;;;;;;;;;;;;x
gtfo_ARG_title;아르헨티나 독립 허가;;;;;;;;;;;;x,,
gtfo_ARG_desc;아르헨티나에서의 지배를 끝낼 때가 왔습니다.;;;;;;;;;;;;x
gtfo_BOL_title;볼리비아 독립 허가;;;;;;;;;;;;x,,
gtfo_BOL_desc;볼리비아에서의 지배를 끝낼 때가 왔습니다.;;;;;;;;;;;;x
gtfo_BRZ_title;브라질 독립 허가;;;;;;;;;;;;x,,
gtfo_BRZ_desc;브라질에서의 지배를 끝낼 때가 왔습니다.;;;;;;;;;;;;x
gtfo_CHL_title;칠레 독립 허가;;;;;;;;;;;;x,,
gtfo_CHL_desc;칠레에서의 지배를 끝낼 때가 왔습니다.;;;;;;;;;;;;x
gtfo_CLM_title;콜롬비아 독립 허가;;;;;;;;;;;;x,,
gtfo_CLM_desc;콜롬비아에서의 지배를 끝낼 때가 왔습니다.;;;;;;;;;;;;x
gtfo_ECU_title;에콰도르 독립 허가;;;;;;;;;;;;x,,
gtfo_ECU_desc;에콰도르에서의 지배를 끝낼 때가 왔습니다.;;;;;;;;;;;;x
gtfo_PEU_title;페루 독립 허가;;;;;;;;;;;;x,,
gtfo_PEU_desc;페루에서의 지배를 끝낼 때가 왔습니다.;;;;;;;;;;;;x
gtfo_PRG_title;파라과이 독립 허가;;;;;;;;;;;;x,,
gtfo_PRG_desc;파라과이에서의 지배를 끝낼 때가 왔습니다.;;;;;;;;;;;;x
gtfo_URU_title;우루과이 독립 허가;;;;;;;;;;;;x,,
gtfo_URU_desc;우루과이에서의 지배를 끝낼 때가 왔습니다.;;;;;;;;;;;;x
gtfo_VNZ_title;베네수엘라 독립 허가;;;;;;;;;;;;x,,
gtfo_VNZ_desc;베네수엘라에서의 지배를 끝낼 때가 왔습니다.;;;;;;;;;;;;x
gtfo_AST_title;오스트레일리아 독립 허가;;;;;;;;;;;;x,,
gtfo_AST_desc;오스트레일리아에서의 지배를 끝낼 때가 왔습니다.;;;;;;;;;;;;x
gtfo_NZL_title;뉴질랜드 독립 허가;;;;;;;;;;;;x,,
gtfo_NZL_desc;뉴질랜드에서의 지배를 끝낼 때가 왔습니다.;;;;;;;;;;;;x
gtfo_ENG_title;영국 독립 허가;;;;;;;;;;;;x,,
gtfo_ENG_desc;영국에서의 지배를 끝낼 때가 왔습니다.;;;;;;;;;;;;x
gtfo_RUS_title;러시아 독립 허가;;;;;;;;;;;;x,,
gtfo_RUS_desc;러시아에서의 지배를 끝낼 때가 왔습니다.;;;;;;;;;;;;x
gtfo_FRA_title;프랑스 독립 허가;;;;;;;;;;;;x,,
gtfo_FRA_desc;프랑스에서의 지배를 끝낼 때가 왔습니다.;;;;;;;;;;;;x
gtfo_PRU_title;프로이센 독립 허가;;;;;;;;;;;;x,,
gtfo_PRU_desc;프로이센에서의 지배를 끝낼 때가 왔습니다.;;;;;;;;;;;;x
gtfo_GER_title;독일 독립 허가;;;;;;;;;;;;x,,
gtfo_GER_desc;독일에서의 지배를 끝낼 때가 왔습니다.;;;;;;;;;;;;x
gtfo_AUS_title;오스트리아 독립 허가;;;;;;;;;;;;x,,
gtfo_AUS_desc;오스트리아에서의 지배를 끝낼 때가 왔습니다.;;;;;;;;;;;;x
gtfo_USA_title;미합중국 독립 허가;;;;;;;;;;;;x,,
gtfo_USA_desc;미합중국에서의 지배를 끝낼 때가 왔습니다.;;;;;;;;;;;;x
gtfo_JAP_title;일본 독립 허가;;;;;;;;;;;;x,,
gtfo_JAP_desc;일본에서의 지배를 끝낼 때가 왔습니다.;;;;;;;;;;;;x
gtfo_ITA_title;이탈리아 독립 허가;;;;;;;;;;;;x,,
gtfo_ITA_desc;이탈리아에서의 지배를 끝낼 때가 왔습니다.;;;;;;;;;;;;x
gtfo_KUK_title;오스트리아-헝가리 독립 허가;;;;;;;;;;;;x,,
gtfo_KUK_desc;오스트리아-헝가리에서의 지배를 끝낼 때가 왔습니다.;;;;;;;;;;;;x
gtfo_ISR_title;이스라엘 독립 허가;;;;;;;;;;;;x,,
gtfo_ISR_desc;이스라엘에서의 지배를 끝낼 때가 왔습니다.;;;;;;;;;;;;x
gtfo_ICL_title;아이슬란드 독립 허가;;;;;;;;;;;;x,,
gtfo_ICL_desc;아이슬란드에서의 지배를 끝낼 때가 왔습니다.;;;;;;;;;;;;x
gtfo_IBR_title;이베리아 독립 허가;;;;;;;;;;;;x,,
gtfo_IBR_desc;이베리아에서의 지배를 끝낼 때가 왔습니다.;;;;;;;;;;;;x
gtfo_BYZ_title;로마 독립 허가;;;;;;;;;;;;x,,
gtfo_BYZ_desc;로마에서의 지배를 끝낼 때가 왔습니다.;;;;;;;;;;;;x
gtfo_BAB_title;바빌론 독립 허가;;;;;;;;;;;;x,,
gtfo_BAB_desc;바빌론에서의 지배를 끝낼 때가 왔습니다.;;;;;;;;;;;;x
gtfo_TPG_title;태평천국 독립 허가;;;;;;;;;;;;x,,
gtfo_TPG_desc;태평천국에서의 지배를 끝낼 때가 왔습니다.;;;;;;;;;;;;x
gtfo_D01_title;D01 독립 허가;;;;;;;;;;;;x,,
gtfo_D01_desc;D01에서의 지배를 끝낼 때가 왔습니다.;;;;;;;;;;;;x
gtfo_D02_title;D02 독립 허가;;;;;;;;;;;;x,,
gtfo_D02_desc;D02에서의 지배를 끝낼 때가 왔습니다.;;;;;;;;;;;;x
gtfo_D03_title;D03 독립 허가;;;;;;;;;;;;x,,
gtfo_D03_desc;D03에서의 지배를 끝낼 때가 왔습니다.;;;;;;;;;;;;x
gtfo_D04_title;D04 독립 허가;;;;;;;;;;;;x,,
gtfo_D04_desc;D04에서의 지배를 끝낼 때가 왔습니다.;;;;;;;;;;;;x
gtfo_D05_title;D05 독립 허가;;;;;;;;;;;;x,,
gtfo_D05_desc;D05에서의 지배를 끝낼 때가 왔습니다.;;;;;;;;;;;;x
gtfo_D06_title;D06 독립 허가;;;;;;;;;;;;x,,
gtfo_D06_desc;D06에서의 지배를 끝낼 때가 왔습니다.;;;;;;;;;;;;x
gtfo_D07_title;D07 독립 허가;;;;;;;;;;;;x,,
gtfo_D07_desc;D07에서의 지배를 끝낼 때가 왔습니다.;;;;;;;;;;;;x
gtfo_D08_title;D08 독립 허가;;;;;;;;;;;;x,,
gtfo_D08_desc;D08에서의 지배를 끝낼 때가 왔습니다.;;;;;;;;;;;;x
gtfo_D09_title;D09 독립 허가;;;;;;;;;;;;x,,
gtfo_D09_desc;D09에서의 지배를 끝낼 때가 왔습니다.;;;;;;;;;;;;x
gtfo_D10_title;D10 독립 허가;;;;;;;;;;;;x,,
gtfo_D10_desc;D10에서의 지배를 끝낼 때가 왔습니다.;;;;;;;;;;;;x
gtfo_D11_title;D11 독립 허가;;;;;;;;;;;;x,,
gtfo_D11_desc;D11에서의 지배를 끝낼 때가 왔습니다.;;;;;;;;;;;;x
gtfo_D12_title;D12 독립 허가;;;;;;;;;;;;x,,
gtfo_D12_desc;D12에서의 지배를 끝낼 때가 왔습니다.;;;;;;;;;;;;x
gtfo_D13_title;D13 독립 허가;;;;;;;;;;;;x,,
gtfo_D13_desc;D13에서의 지배를 끝낼 때가 왔습니다.;;;;;;;;;;;;x
gtfo_D14_title;D14 독립 허가;;;;;;;;;;;;x,,
gtfo_D14_desc;D14에서의 지배를 끝낼 때가 왔습니다.;;;;;;;;;;;;x
gtfo_D15_title;D15 독립 허가;;;;;;;;;;;;x,,
gtfo_D15_desc;D15에서의 지배를 끝낼 때가 왔습니다.;;;;;;;;;;;;x
gtfo_D16_title;D16 독립 허가;;;;;;;;;;;;x,,
gtfo_D16_desc;D16에서의 지배를 끝낼 때가 왔습니다.;;;;;;;;;;;;x
gtfo_D17_title;D17 독립 허가;;;;;;;;;;;;x,,
gtfo_D17_desc;D17에서의 지배를 끝낼 때가 왔습니다.;;;;;;;;;;;;x
gtfo_D18_title;D18 독립 허가;;;;;;;;;;;;x,,
gtfo_D18_desc;D18에서의 지배를 끝낼 때가 왔습니다.;;;;;;;;;;;;x
gtfo_D19_title;D19 독립 허가;;;;;;;;;;;;x,,
gtfo_D19_desc;D19에서의 지배를 끝낼 때가 왔습니다.;;;;;;;;;;;;x
gtfo_D20_title;D20 독립 허가;;;;;;;;;;;;x,,
gtfo_D20_desc;D20에서의 지배를 끝낼 때가 왔습니다.;;;;;;;;;;;;x
gtfo_D21_title;D21 독립 허가;;;;;;;;;;;;x,,
gtfo_D21_desc;D21에서의 지배를 끝낼 때가 왔습니다.;;;;;;;;;;;;x
gtfo_D22_title;D22 독립 허가;;;;;;;;;;;;x,,
gtfo_D22_desc;D22에서의 지배를 끝낼 때가 왔습니다.;;;;;;;;;;;;x
gtfo_D23_title;D23 독립 허가;;;;;;;;;;;;x,,
gtfo_D23_desc;D23에서의 지배를 끝낼 때가 왔습니다.;;;;;;;;;;;;x
gtfo_D24_title;D24 독립 허가;;;;;;;;;;;;x,,
gtfo_D24_desc;D24에서의 지배를 끝낼 때가 왔습니다.;;;;;;;;;;;;x
gtfo_D25_title;D25 독립 허가;;;;;;;;;;;;x,,
gtfo_D25_desc;D25에서의 지배를 끝낼 때가 왔습니다.;;;;;;;;;;;;x
gtfo_D26_title;D26 독립 허가;;;;;;;;;;;;x,,
gtfo_D26_desc;D26에서의 지배를 끝낼 때가 왔습니다.;;;;;;;;;;;;x
gtfo_D27_title;D27 독립 허가;;;;;;;;;;;;x,,
gtfo_D27_desc;D27에서의 지배를 끝낼 때가 왔습니다.;;;;;;;;;;;;x
gtfo_D28_title;D28 독립 허가;;;;;;;;;;;;x,,
gtfo_D28_desc;D28에서의 지배를 끝낼 때가 왔습니다.;;;;;;;;;;;;x
gtfo_D29_title;D29 독립 허가;;;;;;;;;;;;x,,
gtfo_D29_desc;D29에서의 지배를 끝낼 때가 왔습니다.;;;;;;;;;;;;x
gtfo_D30_title;D30 독립 허가;;;;;;;;;;;;x,,
gtfo_D30_desc;D30에서의 지배를 끝낼 때가 왔습니다.;;;;;;;;;;;;x
gtfo_D31_title;D31 독립 허가;;;;;;;;;;;;x,,
gtfo_D31_desc;D31에서의 지배를 끝낼 때가 왔습니다.;;;;;;;;;;;;x
gtfo_D32_title;D32 독립 허가;;;;;;;;;;;;x,,
gtfo_D32_desc;D32에서의 지배를 끝낼 때가 왔습니다.;;;;;;;;;;;;x
gtfo_D33_title;D33 독립 허가;;;;;;;;;;;;x,,
gtfo_D33_desc;D33에서의 지배를 끝낼 때가 왔습니다.;;;;;;;;;;;;x
gtfo_D34_title;D34 독립 허가;;;;;;;;;;;;x,,
gtfo_D34_desc;D34에서의 지배를 끝낼 때가 왔습니다.;;;;;;;;;;;;x
gtfo_D35_title;D35 독립 허가;;;;;;;;;;;;x,,
gtfo_D35_desc;D35에서의 지배를 끝낼 때가 왔습니다.;;;;;;;;;;;;x
gtfo_D36_title;D36 독립 허가;;;;;;;;;;;;x,,
gtfo_D36_desc;D36에서의 지배를 끝낼 때가 왔습니다.;;;;;;;;;;;;x
gtfo_D37_title;D37 독립 허가;;;;;;;;;;;;x,,
gtfo_D37_desc;D37에서의 지배를 끝낼 때가 왔습니다.;;;;;;;;;;;;x
gtfo_D38_title;D38 독립 허가;;;;;;;;;;;;x,,
gtfo_D38_desc;D38에서의 지배를 끝낼 때가 왔습니다.;;;;;;;;;;;;x
gtfo_D39_title;D39 독립 허가;;;;;;;;;;;;x,,
gtfo_D39_desc;D39에서의 지배를 끝낼 때가 왔습니다.;;;;;;;;;;;;x
gtfo_D40_title;D40 독립 허가;;;;;;;;;;;;x,,
gtfo_D40_desc;D40에서의 지배를 끝낼 때가 왔습니다.;;;;;;;;;;;;x
gtfo_D41_title;D41 독립 허가;;;;;;;;;;;;x,,
gtfo_D41_desc;D41에서의 지배를 끝낼 때가 왔습니다.;;;;;;;;;;;;x
gtfo_D42_title;D42 독립 허가;;;;;;;;;;;;x,,
gtfo_D42_desc;D42에서의 지배를 끝낼 때가 왔습니다.;;;;;;;;;;;;x
gtfo_D43_title;D43 독립 허가;;;;;;;;;;;;x,,
gtfo_D43_desc;D43에서의 지배를 끝낼 때가 왔습니다.;;;;;;;;;;;;x
gtfo_D44_title;D44 독립 허가;;;;;;;;;;;;x,,
gtfo_D44_desc;D44에서의 지배를 끝낼 때가 왔습니다.;;;;;;;;;;;;x
gtfo_D45_title;D45 독립 허가;;;;;;;;;;;;x,,
gtfo_D45_desc;D45에서의 지배를 끝낼 때가 왔습니다.;;;;;;;;;;;;x
gtfo_D46_title;D46 독립 허가;;;;;;;;;;;;x,,
gtfo_D46_desc;D46에서의 지배를 끝낼 때가 왔습니다.;;;;;;;;;;;;x
gtfo_D47_title;D47 독립 허가;;;;;;;;;;;;x,,
gtfo_D47_desc;D47에서의 지배를 끝낼 때가 왔습니다.;;;;;;;;;;;;x
gtfo_D48_title;D48 독립 허가;;;;;;;;;;;;x,,
gtfo_D48_desc;D48에서의 지배를 끝낼 때가 왔습니다.;;;;;;;;;;;;x
gtfo_D49_title;D49 독립 허가;;;;;;;;;;;;x,,
gtfo_D49_desc;D49에서의 지배를 끝낼 때가 왔습니다.;;;;;;;;;;;;x
gtfo_D50_title;D50 독립 허가;;;;;;;;;;;;x,,
gtfo_D50_desc;D50에서의 지배를 끝낼 때가 왔습니다.;;;;;;;;;;;;x
