;;;;;;;;;;;;x,,,,
state_of_emergency_modifier;비상사태;State of Emergency;;;;;;;;;;;;;;;;;;;;;;;;;;;;;;;x;;;;
state_of_emergency_modifier_desc;비상 사태 혹은 예외사태란 정부가 일부 기간 동안 행정부, 입법부 및 사법부의 일부 기능을 중지 및 변경할 수 있음을 의미합니다. 시민들에게 정상적인 행동을 바꾸도록 경고하고 정부 기관에 비상계획을 이행하도록 명령합니다. 정부는 자연/인간재해, 소요나 전쟁 또는 국내외의 무력충돌상황에 따라 비상사태를 선포할 수 있습니다.;State of Emergency or State of Exception means that the government can suspend and/or change some functions of the executive, the legislative and/or the judiciary during this period of time. It alerts citizens to change their normal behavior and orders government agencies to implement emergency plans. A government can declare a state of emergency during a time of natural or human-made disaster, during a period of civil unrest, or following a declaration of war or situation of international/internal armed conflict.;;;;;;;;;;;;;;;;;;;;;;;;;;;;;;x;;;;
ANY_ALL; 전체 지역;Any province;;;;;;;;;;;;;x,,,,
HAS_NOT_GOODS; 생산: ;produces ;;;;;;;;;;;;;x,,,,
IS_IN_REGION; (이)가 지역 안에 있음: ; is in the region ;Est dans la r?ion;Ist in der Region ;;Est?en la regi?;;;;;;;;;x,,,,
TRIGMOD_HEADER;$MONARCHTITLE$의 보고:;The $MONARCHTITLE$ reports that;$head_of_government$ rapporte que;$head_of_government$ berichtet, dass;Kiedy modyfikator zwi퉨any z okre쐋onym wydarzeniem wp퀉wa na twoje pa?two (np. c쿽 narzucone przez pa?two trzecie);$head_of_government$ informa de;Quando subisci l'influenza di un modificatore condizionato (ad es. il Pedaggio sullo Stretto);Mikor valami esem?y m?osul?a van r? hat?sal (kor?bi hang-v?);Kdy?jste subjektem trojn?obn?o modifik?oru;;;;;;x,,,
TRIGMODLOST_HEADER;$MONARCHTITLE$의 보고:;The $MONARCHTITLE$ reports that;$head_of_government$ rapporte que;$head_of_government$ berichtet, dass;Kiedy modyfikator zwi퉨any z okre쐋onym wydarzeniem przestaje oddzia퀉wa?na twoje pa?two (np. c쿽 narzucone przez pa?two trzecie);$head_of_government$ informa de;Quando l'effetto di un modificatore condizionato (ad es. il Pedaggio sullo Stretto) cessa;Mikor egy m?os??t okoz?esem?y befejez?ik (kor?bi hang-v?);Kdy?jste subjektem trojn?obn?o modifik?oru.;;;;;;x,,,
TRIGGER_CIV_PROGRESS_LESS;문명화 진행률: 쬨50쬦%;Civilization progress: 쬨50쬦%;;;;;;;;;;;;x,,,,
had_liberal_revolution;자유주의 혁명 종료;Liberal Revolution has ended;;;;;;;;;;;;x,,,,
attending_berlin_congress;회의 참석;Attending the Congress;;;;;;;;;;;;x,,,,
oriental_crisis_support_OE;오스만 지원;Supports the Ottomans;;;;;;;;;;;;x,,,,
oriental_crisis_support_Egypt;이집트 지원;Supports the Egyptians;;;;;;;;;;;;x,,,,
MAJORITY_IS_NOT; 대다수 아님: ;Majority of the population is not ;;;;;;;;;;;;x,,,,
crimean_surrender;오스만 제국 항복;the Ottomans have surrendered;;;;;;;;;;;;x,,,,
colonial_chaos;식민지 혼돈;Colonial Chaos;;;;;;;;;;;;x,,,,
colonial_chaos_desc;우리의 식민지는 혼돈 상태에 있으며 질서를 회복하지 않으면 식민지를 잃을 수 있습니다!;Our colony is in chaos, and we are in danger of losing it utterly if order is not restored soon!;;;;;;;;;;;;x,,,
loss_of_control;지배력 상실;Loss of Control;;;;;;;;;;;;x,,,,
loss_of_control_desc;식민지에 대한 지배력을 상실했습니다.;We have lost control over the colony.;;;;;;;;;;;;x,,,,
nationalist_agitation;민족주의자 선동;Nationalist Agitation;;;;;;;;;;;;x,,,,
nationalist_agitation_desc;민족주의자들이 이 지방에서 활동 중이며 폭력 사태로 어려움을 겪고 있습니다. 확인하지 않은 채로 남겨두면 우리에 대한 반란이 일어날 수 있습니다.;Nationalists are active in the province, stirring up trouble with random acts of violence. If left unchecked, they may rise in rebellion against us.;;;;;;;;;;;;x,,
patriot_uprising;애국자 봉기;Patriot Uprising;;;;;;;;;;;;x,,,,
patriot_uprising_desc;외국인 애국자들이 지역을 탈취했습니다;Foreign patriots have taken control of the province.;;;;;;;;;;;;x,,,,
the_ikhwan;형제;The Ikhwan;;;;;;;;;;;;;x,,,,
the_ikhwan_desc;베두인 와하비파 신도(이슬람 근본주의자)와 동맹이 성사되었습니다. 이슬람은 군사적 지원의 대가로 우리나라에 순수하게 남아있을 것입니다.;An alliance has been made with the Bedouin Wahhabists. Islam shall remain pure in our nation, in exchange for their military support.;;;;;;;;;;;;;x,,,
mandate;천명;Mandate of Heaven;;;;;;;;;;;;x,,,,
holy_city;성지;The Holy City;;;;;;;;;;;;x,,,,
holy_city_desc;메카는 이슬람의 성지입니다. 이곳을 손에 넣는 것은 모든 면에서 이슬람의 운명이 우리 손에 놓여 있음을 증명하는 것입니다.;Mecca is the center of all Islam. To hold it is to stand above all others, and prove to them that the fate of all Islam lies in our hands.;;;;;;;;;;;;x,,,
self_strengthening_movement;자강 운동;Self-Strengthening Movement;;;;;;;;;;;;;x,,,,
drive_to_reunify;재통합 운동;Reunification Drive;;;;;;;;;;;;x,,,,
drive_to_reunify_desc;우리는 반드시 이 국가를 재통합해야합니다!;We must reunite the country, at any cost!;;;;;;;;;;;;x,,,
taiping_draft;유사시 징집;Emergency Draft;;;;;;;;;;;;x,,,,
the_female_shortage;성비 불균형;The Female Shortage;;;;;;;;;;;;x,,,,
the_female_shortage_desc;성비 불균형은 중국에 여성보다 남성이 더 많아서 인구 성장이 둔화되고 미혼 남성의 혼란을 초래한다는 것을 의미합니다.;A populational deficit means that there are more men than women in China, slowing down population growth and upsetting the mass of single males that will never form a family.;;;;;;;;;;;;;;;;x,,,
christian_pamphlets;기독교 책자;Christian Pamphlets;;;;;;;;;;;;x,,,,
chinese_floods;중국 홍수;Chinese Floods;;;;;;;;;;;;x,,,,
small_country_draft;유사시 징집;Emergency Draft;;;;;;;;;;;;x,,,,
small_country_draft_desc;우리는 싸울 수 있는 모든 남자들을 징집해야합니다!;We must recruit all able-bodied men to fight!;;;;;;;;;;;;x,,,,
daimyo_draft;유사시 징집;;;;;;;;;;;;x,,,,
daimyo_draft_desc;우리는 싸울 수 있는 모든 남자들을 징집해야합니다!;;;;;;;;;;;;x,,,,
sons_of_liberty;자유의 아들;Sons of Liberty;;;;;;;;;;;;;x,,,,
sons_of_liberty_desc;미국이 민주적 전통 회귀를 목표로 하며, 그렇지 못하면 자신의 주를 연방로부터 분리하려 하는 이들의 민병대입니다.;A militia of pro-democracy liberals, determined to either see the United States returned to its democratic tradition or secede their state from the union.;;;;;;;;;;;;;x,,,
peasant_revolt;반란 개막;Open Revolt;;;;;;;;;;;;x,,,,
peasant_revolt_desc;지방 정부가 진압하는데 어려움을 겪고 있는 폭동과 묻지마 폭력을 포함헤 지방 내에서의 동요가 증가하고 있습니다.;There is increased agitation within the province, including riots and random violence which the local government has had difficulty putting down.;;;;;;;;;;;;x,,,
shastar_vidya;샤스타 비디야;Shastar Vidiya;;;;;;;;;;;;;x,,,,
shastar_vidya_desc;시크교도의 잘 알려진 전투 양식은 검술과 관련된 무술입니다. 이는 시크교도를 무서운 전투원으로 만들었습니다.;The renowned Sikh fighting style, it is a martial art involving sword play ...and has made the Sikhs into fearsome combatants.;;;;;;;;;;;;;x,,,
force_publique;공공 부대;Force Publique;;;;;;;;;;;;x,,,,
force_publique_title;공공 부대 결성;Form the Force Publique;;;;;;;;;;;;x,,,,
force_publique_desc;공공 부대는 벨기에가 통제하는 콩고 자유 국가의 공식 군대입니다. 표면상으로는 아랍 노예 상인들과 싸우기 위해 설립되었음에도 불구하고, 병사들은 할당량을 채우지 못한 이들에게 잔인한 형을 집행하는데 종종 사용되었습니다.;The Force Publique was the official armed force of the Belgian-controlled Congo Free State. Though ostensibly formed to combat Arab Slavers, the soldiers were often used to enforce economic quotas with brutal punishment.;;;;;;;;;;;;x,,,
rcmp;캐나다 왕립 경찰;;;;;;;;;;;;x,,,,
rcmp_desc;왕립 캐나다 기마 경찰은 새롭게 인수한 북서부 지역을 순찰하기 위해 설립되었습니다. 결국 모든 캐나다 지방에서 명령을 계속 수행하기 위해 자치령 경찰과 연합했습니다.;The Royal Canadian Mounted Police was formed to patrol the newly-acquired North-West Territories, eventually uniting with the Dominion Police to keep order throughout all Canadian provinces.;;;;;;;;;;;;x,,,
kalmar_union;칼마르 동맹;Kalmar Union;;;;;;;;;;;;;x,,,,
kalmar_union_desc;우리는 다른 스칸디나비아 국가들과의 보다 긴밀한 유대감에 원칙적으로 동의했습니다.;We have agreed in principle to a closer bond with the other Scandinavian nations.;;;;;;;;;;;;;x,,,,
leader_of_kalmar;칼마르 동맹의 맹주;Leader of the Kalmar Union;;;;;;;;;;;;;x,,,,
leader_of_kalmar_desc;우리는 스칸디나비아인을 하나의 깃발에 모으는 운동의 맹주입니다.;We are the leader of the movement to unite the Scandinavian people under a single flag.;;;;;;;;;;;;;x,,,,
customs_union;관세 동맹;Customs Union;;;;;;;;;;;;;x,,,,
customs_union_desc;우리는 회원국 간의 무역 장벽을 줄이기 위해 고안된 관세 동맹의 일원입니다.;We are a member of a customs union, designed to reduce the barriers in trade between the member nations.;;;;;;;;;;;;;x,,,
spanish_restoration;복원;The Restoration;;;;;;;;;;;;;x,,,,
spanish_restoration_desc;알폰소 12세에의 치세와 함께 에스파냐의 부흥이 이뤄졌습니다. 자유주의자와 보수주의자 간의 균형을 이루는 새로운 정부 체제를 만드는 것이 목표입니다.;A period of relative peace and stability in Spain initiated by King Alfonso XII, the aim being to create a new system of government with balance between the liberals and conservatives.;;;;;;;;;;;;;x,,,
national_instability;국가 불안정성;National Instability;;;;;;;;;;;;;x,,,,
national_instability_desc;이 나라는 혼란 상태에 처해 있으며 반란의 위험에 처해 있습니다.;The country is in a state of turmoil, and is in danger of rebellions.;;;;;;;;;;;;;x,,,
home_of_the_mormons;모르몬교도의 보금자리;Home of the Mormons;;;;;;;;;;;;;x,,,,
home_of_the_mormons_desc;모르몬교도들은 일부다처제를 믿고 그들의 추종자들에게 대가족을 갖도록 격려합니다.;the Mormons believe in polygamy, the taking of many wives, and encourage their followers to have large families.;;;;;;;;;;;;;x,,
gateway_to_america;미국으로 가는 관문;Gateway to America;;;;;;;;;;;;;x,,,,
gateway_to_america_desc;유럽에서 온 많은 이민자들이 엘리스 섬의 문을 통과하고, 그들 중 많은 수가 뉴욕에 머무를 것입니다.;Many immigrants from Europe will pass through the gates of Ellis Island, and a great number of them will remain in New York City.;;;;;;;;;;;;;x,,,
carlist_sympathies;카를리스타 동정;Carlist Sympathies;;;;;;;;;;;;x,,,,
carlist_sympathies_desc;이 지방에서 카를리스타가 활동하고 있습니다. 카를리스타는 에스파냐 정부를 무너뜨리고 싶어하는 사람들에게 동정을 빨리 얻고 있습니다.;A Carlist cell is at work in the province, and is quickly gaining sympathy for the rebels that wish to topple the Spanish government.;;;;;;;;;;;;x,,,
christino_sympathies;크리스티노 동정;Christino Sympathies;;;;;;;;;;;;x,,,,
christino_sympathies_desc;이 지방에서 크리스티노가 활동하고 있습니다. 크리스티노는 에스파냐 정부를 무너뜨리고 싶어하는 사람들에게 동정을 빨리 얻고 있습니다.;A Christino cell is at work in the province, and is quickly gaining sympathy for the rebels that wish to topple the Spanish government.;;;;;;;;;;;;x,,,
war_torn;황폐화;War Torn;;;;;;;;;;;;x,,,,
war_torn_desc;이 지역은 반란으로 황폐해졌습니다.;This province has been devastated by the rebellion.;;;;;;;;;;;;x,,,,
boxer_rebellion;의화단의 난;Boxer Rebellion;;;;;;;;;;;;x,,,,
boxer_rebellion_desc;이 지역은 현재 의화단의 반란이 일어나 매우 혼란스럽습니다.;The province is currently held by the Boxer rebels, and is in great disarray.;;;;;;;;;;;;x,,,
new_country;신설국;Newly-Established Country;;;;;;;;;;;;x,,,,
new_country_desc;이 나라는 이제 막 설립되었습니다. 시민들은 당분간 이 나라를 유지하기 위해 더 열심히 일할 것입니다.;This country has just been established, and its citizens are willing to work harder to keep it running?for the time being.;;;;;;;;;;;;x,,,
jewish_diaspora;유대인 디아스포라;Jewish Diaspora;;;;;;;;;;;;x,,,,
jewish_diaspora_desc;유대인 공동체가 이스라엘의 창조에 반응하여 조직되고 있습니다.;The Jewish community is organizing in reaction to the creation of Israel.;;;;;;;;;;;;x,,,,
declaration_of_the_rights_of_man;인간의 권리 선언;Declaration of the Rights of Man;;;;;;;;;;;;x,,,,
declaration_of_the_rights_of_man_desc;프랑스 혁명을 대표하는 '인간과 시민의 권리 선언'은 모든 영역에서의 보편적 인권을 규정했습니다.;The Declaration of the Rights of Man and of the Citizen, a fundamental document of the French Revolution, defined the individual and collective rights of all the estates of the realm as universal.;;;;;;;;;;;;x,,
caste_privileges;계급 특권;Caste Privilege;;;;;;;;;;;;x,,,,
caste_privileges_desc;인도에서 영국의 초기 목표는 지역 엘리트 계층을 자신들의 이미지로 탈바꿈시키는 것이었습니다. 이는 성공적이었고, 식민지 내에서 눈에 띄게 부유해진 인도인들이 새로운 계급을 형성했습니다.;An early goal of British Imperialists in India was to create a class of local elites in their own image. They were successful, forming a new caste of wealthy Indians who rose to prominence within the colony.;;;;;;;;;;;;x,,,
sati_abolished;사티 폐지;Abolishment of Sati;;;;;;;;;;;;x,,,,
sati_abolished_desc;최근 미망인을 순장시키는 풍습인 사티의 폐지는 인도의 일부 지역에서 믿을 수 없을 정도로 인기가 없었습니다.;The abolishment of Sati funeral practices, where a recent widow immolated herself on her husband's grave, was incredibly unpopular in some parts of India.;;;;;;;;;;;;x,,
pig_fat_cartridges;돼지 기름 탄약통;Pig Fat Cartridges;;;;;;;;;;;;x,,,,
pig_fat_cartridges_desc;돼지 기름을 사용하는 탄약통의 발행은 세포이 용병에 대한 엄청난 모욕으로 간주되었고, 인도인들과 식민지 당국 사이의 문화적 긴장가 높아지고 있음을 보여주는 증거가 되었습니다.;The issuing of gunpowder cartridges which were believed to be greased with pig fat was considered an incredible insult by Sepoy soldiers, and further evidence of the growing cultural rift between Indians and colonial powers.;;;;;;;;;;;;x,,,
carlism;카를로스파;Carlism;;;;;;;;;;;;x,,,,
carlism_desc;카를로스파는 에스파냐의 전통적이며 정당한 정치 운동으로, 카를로스 왕자의 왕위 상속법 분쟁과 보르본 왕가의 알폰소 가문에 대한 광범위한 불만을 통해 수립되었습니다.;Carlism is a traditionalist and legitimist political movement in Spain seeking the establishment of a separate line of the Bourbon family on the Spanish throne. This line descended from Infante Carlos, Count of Molina, and was founded due to dispute over the succession laws and widespread dissatisfaction with the Alfonsine line of the House of Bourbon.;;;;;;;;;;;;x,,
spirit_of_freedom;자유 정신;The Spirit of Freedom;;;;;;;;;;;;x,,,,
spirit_of_freedom_desc;일부 문화권에서는 민주주의와 개인의 자유에 대한 개념이 그들의 정신에 뿌리를 둡니다.;For some cultures, the notion of democracy and individual freedom is rooted in their very psyche.;;;;;;;;;;;;x,,,
national_identity;민족 정체성;National Identity;;;;;;;;;;;;x,,,,
national_identity_desc;민족주의의 개념은 19세기 후반에 정립되어 외세로부터의 독립을 추구하거나 모국에 합류하려는 반란을 일으키기도 하였습니다.;The concept of nationhood began taking hold in the late 19th century, as people began to identify more with the country they lived in rather than a particular region. Nationalism quickly gave rise to rebels who sought independence from foreign rule, or to rejoin their homeland.;;;;;;;;;;;;x,,
anti_jacobin_movement;반자코뱅파;Anti-Jacobin;;;;;;;;;;;;x,,,,
anti_jacobin_movement_desc;자코뱅과 민주주의 투쟁에 대한 반발로 인해 국가의 반동적인 요소들은 매우 확고하게 자리잡았습니다. 민주주의는 유용하거나 좋은 가능성을 지니기보다는 '본질적으로 결함이 있고 잘못 유도되어 있다'고 합니다.;A reaction to the Jacobins and the struggle for democracy, reactionary elements in countries became very entrenched against democracy as a concept-- calling it 'inherently flawed' and misguided, as well as a source of chaos, rather than holding the possibility of anything useful or good.;;;;;;;;;;;;x,
sharia_law;샤리아;Sharia Law;;;;;;;;;;;;x,,,,
sharia_law_desc;샤리아는 종교 지도자들에게 인정받은 이슬람 판사가 집행하는 이슬람의 엄격한 도덕 및 종교법입니다.;Sharia is the strict moral code and religious law of Islam, considered the infallible law of God-- interpreted by Islamic judges who have responsibilities to religious leaders.;;;;;;;;;;;;x,,,
ottoman_oppression;기독교 탄압;Christian Oppression;;;;;;;;;;;;;;;x,,,,
ottoman_oppression_desc;오스만 제국은 제국 내의 기독교도에 관한 정책(지즈야 및 직업 제한 등)과 발칸 지역의 문제에 대한 해법을 수년간 마련해왔습니다. 이 정책들은 1839 년에 시작된 탄지마트 개혁 때까지 취소되지 않았습니다.;A number of Ottoman policies regarding Christians within the Empire, such as the Jizya tax and restrictions on work and movement, set the stage for issues in the Balkans for years to come. These policies were not revoked until the Tanzimat Reforms which began in 1839.;;;;;;;;;;;;x,,
ottomanism_reform;하티 후마윤 칙령;Imperial Reform Edict;;;;;;;;;;;;x,,,,
ottomanism_reform_desc;하티 후마윤 칙령은 제국의 소수 민족들 사이에서 종교 평등을 확립했으며 우리 국경 안의 민족주의자들의 우려를 해소하기 위해 많을 노력을 했습니다.;The Hatt-i H?ayun has established religious equality among the Empire's minorities, and gone a long way towards assuaging some of the concerns of nationalists within our borders.;;;;;;;;;;;;x,,,
great_statesman;위대한 정치가;Great Statesman;;;;;;;;;;;;;x,,,,
great_statesman_desc;우리 지도자는 다른 세계 지도자들이 존경하는 유능한 연설가이자 훌륭한 정치가입니다.;Our leader is an able speaker and a fine statesman, respected by other world leaders.;;;;;;;;;;;;;x,,,
begin_revolution;혁명 국가;Revolutionary State;;;;;;;;;;;;x,,,,
begin_revolution_desc;우리나라는 혼란과 반란의 소용돌이에서 설립된 신생 국가입니다. 그러나 사람들은 기꺼이 싸우고 있습니다!;Our country is a fledgling state, founded in the midst of chaos and rebellion. But the people are willing to fight!;;;;;;;;;;;;x,,,
zemene_mesafint;제멘 메사피트;Zemene Mesafint;;;;;;;;;;;;x,,,,
zemene_mesafint_desc;제멘 메사피트란 에티오피아의 통치자들이 황제 아래 국가를 단결시키기 위해 고군분투해야 했던 '판관시대'를 뜻합니다.;The 'Age of Princes', where the rulers of Ethiopia must struggle to unite the nation under a single Emperor.;;;;;;;;;;;;x,,,
irish_integration_desc;이제 아일랜드인들이 영국 법에 의해 동등한 신민이기 때문에, 그들을 영국 문화에 더 완전하게 통합하기 위한 조치가 취해질 수도 있습니다.;Now that the Irish are equal subjects under British law, steps may be taken to integrate them more fully into overall British culture.;;;;;;;;;;;;;x,,,
irish_integration;아일랜드인 통합;Irish Integration;;;;;;;;;;;;;x,,,,
irish_oppression;궁핍한 아일랜드인;Irish Destitution;;;;;;;;;;;;;x,,,,
irish_oppression_desc;부재자 토지 소유 제도는 아일랜드에게 비효율성의 본보기로 남겨놓았고, 아일랜드인들은 수세기 동안 계속해서 영국의 지배에 맞서 싸우고 반항했습니다.;The system of absentee landownership has left Ireland a model of inefficiency, and left the Irish continually struggling and rebelling against British rule for centuries.;;;;;;;;;;;;;x,,,
land_of_opportunity;기회의 땅;Land of Opportunity;;;;;;;;;;;;;x,,,,
land_of_opportunity_desc;19세기 후반, 우리의 산업, 은행 체계와 인구의 자유로운 이동 때문에 스위스에 정착하는 이주 노동자가 급증했습니다.;By the late 19th century our industry, banking system and the free movement of population established with our neighbors caused a boom of migrant workers that come to work in our industry and in our banks, eventually settling in Switzerland.;;;;;;;;;;;;;;;;;;;;;;;;x,,,
swiss_banking;스위스 은행;Swiss Banking;;;;;;;;;;;;;;;;;;;;;;;;x,,,
swiss_banking_desc;스위스 은행은 효율적이고 국제적으로 인정받는 은행 체계를 운영합니다. 전 세계의 부자들이 은행 업무를 위해 스위스로 몰려옵니다.;The Swiss run an efficient and internationally recognized banking system. The rich from all over the world come to Switzerland for their banking needs.;;;;;;;;;;;;;;;;;;;;;;;;x,,,
anynomous_investor_business;익명 투자자 사업;Anonymous Investor Business;;;;;;;;;;;;;;;;;;;;;;;;;;;;;;;;;;;;;;x;;;;
anynomous_investor_business_desc;이런 형태의 사업 문화는 소유주들이 그 사업을 투자로 취급한다는 것을 의미했으며 소유권은 물건을 생산하고 파는 것이 아니었습니다. 대신 소유주가 된 유일한 이유는 사업 비율이 상승하는 것을 보기 위해서였습니다. 이 관습은 전문적이었지만 의지가 부족했고 극도로 위험을 피했습니다.;This style of business culture meant that the owners treated the business as an investment. Ownership was not about producing and selling things. Instead the only reason for being the owner was to see the business ratios rise. This practice was professional, but lacked commitment and was intensely risk-aversive.;;;;;;;;;;;;;;;;;;;;;;;;;;;;;;;;;;;;;;;;x;;;;
boer_republic;보어 공화국;Boer Republic;;;;;;;;;;;;x,,,,
boer_republic_desc;우리는 아프리카 원주민의 영토에서 보어인이 지배하는 새 나라를 세웠습니다. 이것은 영원히 영국의 통치 밖에서 살 수 있는 기회입니다.;We have established a new nation, dominated by the Voortrekkers and carved from the territory of African natives. This is a new opportunity for us to live outside of British rule, now and forever.;;;;;;;;;;;;x,,
integration_refusal;통합 없음;No Integration;;;;;;;;;;;;;x,,,,
integration_refusal_desc;이 지역은 다른 국가와 통합되지 않고 별도의 정체성을 유지할 수 있습니다.;The province is not being integrated into the rest of the country, and being allowed to maintain its separate identity.;;;;;;;;;;;;;x,,,
core_integration;영유권 편입;Core Integration;;;;;;;;;;;;;x,,,,
core_integration_desc;국가의 일부로서 통합하고 있으며, 느린 과정으로 인해 문제가 발생할 수 있습니다.;The province is being integrated into the rest of the country, a slow process that may cause problems here.;;;;;;;;;;;;;x,,,
national_assimilation_complete;민족 동화 완료;National Assimilation Complete;;;;;;;;;;;;;x,,,,
national_assimilation;민족 동화;National Assimilation;;;;;;;;;;;;;x,,,,
national_assimilation_desc;이 지역은 다른 나라들의 영유권을 제거하기 위해 동화되고 있습니다.;This province is undergoing assimilation to remove the claims that other countries have upon it.;;;;;;;;;;;;;x,,,,
national_assimilation_rejection;동화 거부;Assimilation Rejection;;;;;;;;;;;;;x,,,,
national_assimilation_rejection_desc;이 지역의 소수민족들은 민족 동화 정책을 거부했습니다.;The minorities in this province have rejected the policies of national assimilation.;;;;;;;;;;;;;x,,,,
national_assimilation_acceptance;동화 수용;Assimilation Acceptance;;;;;;;;;;;;;x,,,,
national_assimilation_acceptance_desc;이 지역의 소수민족들은 민족 동화 정책을 수용했습니다.;The minorities in this province have accepted the policies of national assimilation.;;;;;;;;;;;;;x,,,,
christian_repression;기독교 억압;Christian Repression;;;;;;;;;;;;;x,,,,
christian_repression_desc;태평천국의 전도사들은 이 지역에서 적극적으로 억압받고 있습니다.;Taiping missionaries are being actively repressed in this province.;;;;;;;;;;;;;x,,,,
anti_manchu_sentiment;반만감정;Anti-Manchu Sentiment;;;;;;;;;;;;;x,,,,
anti_manchu_sentiment_desc;이 지역은 청 왕조의 통치에 심하게 괴로워합니다.;There is a great deal of bitterness against the Qing Dynasty's rulers in this province.;;;;;;;;;;;;;x,,,,
louis_napoleon_iii;루이나폴레옹 보나파르트;Louis-Napolon Bonaparte;;;;;;;;;;;;;x,,,,
louis_napoleon_iii_desc;나폴레옹 1세의 조카인 그는 민중의 아들입니다. 그는 무모하고 군재도 변변찮지만, 그에게는 나폴레옹이라는 유산이 있습니다.;Nephew and heir of Napoleon I, he is a man of the people and carries with him a legacy that makes him seemingly invincible-- even if, at times, his decisions are reckless and of questionable military value.;;;;;;;;;;;;;x,
begin_disunited_states;분열된 국가;Disunited States;;;;;;;;;;;;;x,,,,
begin_disunited_states_desc;미국이 민주주의에서 탈피함에 따라 자유의 아들들은 소위 폭정에 맞서기 위해 생겨났습니다. 이 저항이 진정되기까지는 시간이 걸릴 것이며 그 때까지 많은 분리 시도와 반란에 대한 논의가 있을 것입니다.;With the transition of the United States away from democracy, the Sons of Liberty have arisen in an effort fight what they call tyranny. It will take time for this resistance to calm, and until it does there shall be much talk of secession and even open revolt.;;;;;;;;;;;;;x,,
election_cooldown;선거 진행 중;Ongoing Elections;;;;;;;;;;;;;x,,,,
desc_election_cooldown;유권자들은 현재 모든 중요한 사안들에 대해 토론, 또 토론하고 있습니다.;Our voters are currently debating and discussing all important issues.;;;;;;;;;;;;;x,,,,
violent_elections;폭력 선거;Violent Elections;;;;;;;;;;;;;x,,,,
desc_violent_elections;현재의 진행 중인 선거 운동이 꽤 폭력적인 것으로 드러났습니다.;The current elections turned out have a quite violent undertone in the ongoing campaigns.;;;;;;;;;;;;;x,,,,
social_reform_movement;사회 개혁 운동;Social Reform Movement;;;;;;;;;;;;;x,,,,
desc_social_reform_movement;사회주의자들과 공산주의자들은 더 나은 생활 환경을 위한 전국적인 의제에 착수했습니다.;Socialists and communists have initiated a countrywide agenda for better living conditions.;;;;;;;;;;;;;x,,,,
wartime_elections;전시 선거;War-time Elections;;;;;;;;;;;;x,,,,
wartime_elections_desc;선거가 전쟁 중에 열렸습니다.;The elections are taking place in a time of war, an event which has taken center stage in the debates.;;;;;;;;;;;;x,,,
loss_of_support;지지 상실;Loss of Support;;;;;;;;;;;;x,,,,
loss_of_support_desc;여당은 이 지역에서 지지를 잃었습니다.;The ruling party has lost support in this area.;;;;;;;;;;;;x,,,,
support_the_government;정부 지원;Government Support;;;;;;;;;;;;x,,,,
support_the_government_desc;여당은 이 지역에서 더 지지받고 있습니다.;The ruling party has extra support in this area.;;;;;;;;;;;;x,,,,
nothing_stops_progress;멈추지 않음;Nothing Stops Progress;;;;;;;;;;;;x,,,,
nothing_stops_progress_desc;우리는 반동주의 선동가들을 체포하고 계획대로 개혁을 진행하고 있습니다.;We are arresting the reactionary agitators and proceeding with reforms as planned.;;;;;;;;;;;;x,,,,
slow_down_progress;개혁 제한;Reform Restrictions;;;;;;;;;;;;x,,,,
slow_down_progress_desc;아마 개혁 속도에 제동을 거는 것이 최선인 것 같습니다. 우리는 국민들이 속도를 따라잡을 수 있도록 해야합니다!;Perhaps it is best if we apply brakes to the rate of reforms. We must allow our people to catch up!;;;;;;;;;;;;x,,,,
ruling_party_scandal;국가적 추문;National Scandal;;;;;;;;;;;;;x,,,,
ruling_party_scandal_desc;최근의 추문들은 정부를 뒤흔들었고 여당에 대한 지지에 악영향을 줬습니다.;A recent scandal has rocked the government and eroded support for the ruling party.;;;;;;;;;;;;;x,,,,
party_scandal_evidence;주요 국가적 추문;Major National Scandal;;;;;;;;;;;;;x,,,,
party_scandal_evidence_desc;국가적인 추문을 더욱 악화시킨 증거가 드러나면서 정부는 선거에서 심각한 위험에 처했습니다.;Evidence has come to light which has only worsened the national scandal, putting the government at dire risk if it should come to an election.;;;;;;;;;;;;;x,,,
line_of_advantage;이익선;Line of Advantage;;;;;;;;;;;;;x,,,,
line_of_advantage_desc;리키젠, 즉 '이익선' 개념은 안보를 보장받기 위해 국경 너머까지 일본의 영향력을 확장해야함을 의미합니다.;The concept of riekisen, or the 'line of advantage', means that we must extend Japanese influence beyond our national borders in order to ensure our security. This means turning all of the Japanese military, and indeed our people, to the notion of foreign conquest and glory.;;;;;;;;;;;;;x
no_line_of_advantage;진행 경로;Path of Progress;;;;;;;;;;;;;x,,,,
no_line_of_advantage_desc;군사력과 정복에 초점을 맞추는 대신, 일본의 안보는 기술 발전과 개혁에 투자함으로써 보장되어야 합니다. 그렇지 않으면 서구 열강은 분명 일본이 준비되어 있지 않았음을 알게 될 겁니다.;Instead of focusing on military might and conquest, Japanese security must be provided by devotion to technological progress and reform. We must match the Western powers, and quickly, or they will surely take advantage and find Japan sorely unprepared.;;;;;;;;;;;;;x,
border_incident;최근 국경 분쟁;Recent Border Incident;;;;;;;;;;;;;x,,,,
border_incident_desc;우리는 최근 열강과의 국경 분쟁이 있었습니다.We have recently had a border incident, stirring up trouble with a Great Power.;;;;;;;;;;;;;x,,,
the_british_raj;인도 제국;The Indian Raj;;;;;;;;;;;;x,,,,
the_british_raj_desc;우리나라의 왕관 중 가장 큰 보석은 인도 제국입니다.;Greatest of the jewels in our nation's crown is the Indian Raj.;;;;;;;;;;;;x,,,,
dutch_east_india;동인도 회사;East India Company;;;;;;;;;;;;x,,,,
dutch_east_india_desc;우리나라의 왕관 중 가장 큰 보석은 동인도령 식민지입니다.;Greatest of the jewels in our nation's crown is the East Indies colony.;;;;;;;;;;;;x,,,,
vassal_nation;속국;Vassal Nation;;;;;;;;;;;;x,,,,
vassal_nation_desc;외국의 속국으로서, 우리는 항상 세계의 다른 나라들에 비추어 볼 때 더 작은 나라로 여겨집니다.;As a vassal nation to a foreign power, we will always be seen as a lesser country in the eyes of the rest of the world.;;;;;;;;;;;;x,,,
coup_risk;정변 위험;Coup D'etat Risk;;;;;;;;;;;;;x,,,,
coup_risk_desc;군부 내부의 불화가 계급 내부뿐만 아니라 국가 자체의 질서를 무너뜨리는 결과를 초래하고 있습니다. 어떤 사람들은 군대가 일어나서 정부를 장악할까 두려워합니다.;There is dissension within the nation's military, one that is leading to a breakdown of order not only within the ranks but within the country itself. Some fear the army will rise up and take over the government.;;;;;;;;;;;;;x,,,
military_strife;군부 불화;Military Strife;;;;;;;;;;;;;x,,,,
military_strife_desc;정권 탈취를 막기 위해 군부와 싸우고 있습니다. 숙청은 드문 일이 아니며, 반군에 합류하기 위해 탈영하는 군인들도 늘고 있습니다.;We are battling with our own army to prevent them from taking over the government. Purges are not infrequent, and the chances of soldiers defecting to join rebel causes raises with every passing day.;;;;;;;;;;;;;x,,,
vangaurd_party;전위당;Vanguard Party;;;;;;;;;;;;x,,,,
mixed_economy_desc;혼합경제는 국가와 민간이 모두 경제를 지시하는 시장경제와 계획경제 모두의 특성을 반영한 경제 체계입니다. 대부분의 혼합경제는 강력한 규제감독을 가진 시장경제로 설명될 수 있으며, 다양한 정부 주도의 기업과 정부의 공공재 공급이 특징입니다.;Mixed economy is an economic system in which both the state and private sector direct the economy, reflecting characteristics of both market economies and planned economies. Most mixed economies can be described as market economies with strong regulatory oversight, and many mixed economies feature a variety of government-run enterprises and governmental provision of public goods.;;;;;;;;;;;;x,,
the_dark_continent;검은 대륙;The Dark Continent;;;;;;;;;;;;x,,,,
the_dark_continent_desc;아프리카를 탐사하기 전에 흔히 알려진 '어둠의 대륙'은 아프리카의 내륙을 지칭했는데, 그 곳에 대해 아는 사람은 거의 없었습니다. 이 깊은 밀림과 황량한 폐허는 사람이 거의 살지 않는 땅이었고, 주로 문명과의 접촉이 거의 없는 원주민들이 살고 있었습니다. 식민주의에 의거한 탐험이 증가하면서, 이전에는 식민지화가 불가능했던 지역에서도 식민지화가 가능해졌습니다.;A common name for Africa prior to its exploration, 'the Dark Continent' referred to the deep interior where few men had ever seen much less knew anything about. These deep jungles and desolate wastes were a no-man's-land, populated primarily by natives who had little contact with civilization. With the increase of exploration brought on by colonialism, suddenly the ability to colonize the areas previously denied to us has become possible.;;;;;;;;;;;;x,
fight_the_power;정부에 대한 저항;Government Resistance;;;;;;;;;;;;;x,,,,
fight_the_power_desc;국민들 사이에서, 군 내부에서 정부에 대한 반발이 증가하고 있습니다. 이것이 지나갈 때까지는 질서를 유지하는데 어려움을 겪을 것입니다.;There is rising dissension against the government, both among the people and within the military. We will have difficulty keeping order until this passes.;;;;;;;;;;;;;x,,,
national_confusion;국가적 혼란;National Confusion;;;;;;;;;;;;x,,,,
national_confusion_desc;우리나라에는 많은 변화가 있었습니다. 평상시처럼 사업이 재개되려면 시간이 걸릴 것입니다.;There has been a great deal of change in our country. It will take some time to sort things out, before business as usual can resume.;;;;;;;;;;;;x,,,
neutrality;정치적 중립;Political Neutrality;;;;;;;;;;;;;x,,,,
neutrality_desc;우리나라는 중립을 고수합니다. 우리는 세상에 널린 잔혹한 자들을 상대로 전쟁을 벌이지 않으며, 따라서 아무도 우리를 상대로 전쟁을 벌이지 않을 것으로 예상합니다. 이는 우리가 '거물'로 결코 인정받지는 못한다는 것을 의미하지만, 동시에 우리를 보호합니다. 우리는 힘과 영향력을 위해서 우리의 원칙을 버리지 않을 것입니다;Our country deliberately takes no sides. We do not go to war, even against those the world universally reviles, and thus expect that no one shall go to war against us. This means we will likely never achieve recognition as a 'mover and shaker', but it also protects us. We shall not abandon our principles for the sake of power and influence.;;;;;;;;;;;;;x,
apache_raiders;아파치 칩입자;Apache Raiders;;;;;;;;;;;;;x,,,,
irish_potato_blight;감자 병충해;Potato Blight;Le mildiou de la pomme de terre;Kartoffelf?le;;;;;;;;;;;;x;;;;;;;;;;;;;;,,,,
irish_potato_blight_desc;기근은 우리의 밭에서 작물이 죽고 썩어 가듯 퍼져갑니다.;Famine spreads as crops lie, dead and rotting, in our fields.;La famine s'?end tandis que les cultures pourrissent dans nos champs.;Hunger breitet sich aus, weil die Ernte tot und verfaulend auf unseren Feldern liegt.;;;;;;;;;;;;x;;;;;;;;;;;;;;,
irish_republicans;아일랜드 공화주의자;Irish Republicans;;;;;;;;;;;;x,,,,
irish_republicans_desc;군주제를 폐지하라! 아일랜드 자유국만이 유일한 해결책이다!;Down with the monarchy! An Irish Free State is the only solution!;;;;;;;;;;;;x,,,,
irish_unionists;아일랜드 연방주의자;Irish Unionists;;;;;;;;;;;;x,,,,
irish_unionists_desc;아일랜드는 현재 영국의 일부분입니다. 우리는 군주제에 등을 돌리지 않을 것입니다!;Ireland is a part of the United Kingdom, now and forever more! We will not turn our back on the monarchy!;;;;;;;;;;;;x,,,
power_vacuum;권력 공백;Power Vacuum;;;;;;;;;;;;x,,,,
power_vacuum_desc;정부는 새로운 지도자를 찾기 위해 고군분투하는 과도기에 있습니다.;The government is in a state of transition as it struggles to find its new leader?or fall in the process.;;;;;;;;;;;;x,,,,
chinese_substate;청의 압제;Qing Oppression;;;;;;;;;;;;x,,,,
chinese_substate_desc;청 황제의 압제는 우리나라를 혼란에 빠뜨렸습니다.;The oppression by the Qing Emperor has left our nation in disarray.;;;;;;;;;;;;x,,,,
treaties_of_velasco;벨라스코 조약;Treaties of Velasco;;;;;;;;;;;;x,,,,
treaties_of_velasco_desc;이 조약은 인쇄한 서류보다 가치가 적을 수도 있지만, 아마도 멕시코의 독립을 보장하라고 요구하는 것으로 추정합니다. 우리는 이 조약이 지속되는지 지켜볼 것입니다.;The treaties may be worth less than the paper they're printed on, but they supposedly offer us a guarantee of independence from Mexico. We shall see if they last.;;;;;;;;;;;;x,,,
recent_crisis;최근 위기;Recent Crisis;;;;;;;;;;;;x,,,,
recent_crisis_desc;우리는 최근의 위기 때 선동을 했습니다. 기억에서 잊힐 때까지 세계는 우리의 영토에 대한 더 이상의 요구를 간과하는 경향이 있을 것입니다.;We have been the instigators in a recent crisis. Until memories fade, the world will likely tend to overlook any further demands we make for our territories.;;;;;;;;;;;;x,,,
switched_production;생산물 변경;Switched Production;;;;;;;;;;;;;x,,,,
switched_production_desc;이 지역은 막 주요 생산물을 바꿨습니다. 지역 주민들은 아직 변화에 적응하고 있습니다.;The province has just switched its major production, and locals are still acclimatizing to the change.;;;;;;;;;;;;;x,,,
new_production;새로운 농업;New Plantation;;;;;;;;;;;;x,,,,
new_production_desc;이 지방에서 새로운 농업이 시작되어, 토착민들은 이곳에서 해온 전통적인 농업에서 새 농업으로 옮겼습니다.;A new plantation has been started in this province, moving production over to cash crops rather than than the traditional farming which has been done here by the natives.;;;;;;;;;;;;x,,,
emergency_tax_measures1;긴급 조치;Emergency Measures;;;;;;;;;;;;x,,,,
emergency_tax_measures1_desc;우리의 재정 상황은 우리가 가혹하고 매우 인기 없는 세금 수취 조치를 채택하게끔 했습니다.Our financial situation has forced us to adopt draconian, and very unpopular, tax measures.;;;;;;;;;;;;x,,
emergency_tax_measures2;극단적 조치;Extreme Measures;;;;;;;;;;;;x,,,,
emergency_tax_measures2_desc;우리의 재정 상황은 우리가 가혹하고 매우 인기 없는 세금 수취 조치를 채택하게끔 했습니다.;Our financial situation has forced us to adopt draconian, and very unpopular, tax measures.;;;;;;;;;;;;x,,
boxer_presence;의화단 주둔;Boxer Presence;;;;;;;;;;;;x,,,,
boxer_presence_desc;이 지방에는 정의조화협회가 있어 외국의 영향을 반대하는 행동을 취하며 정기적인 무역을 방해하고 있습니다.;The Righteous Harmony Society is present in this province, disrupting regular trade as they act against foreign influence.;;;;;;;;;;;;x,,,
boxer_agitation;의화단 소요;Boxer Agitation;;;;;;;;;;;;x,,,,
boxer_agitation_desc;이 지방에서 이화단을 억압하려는 우리의 노력은 그들을 분노시켰고 민족주의자들이 우리 정부에 반항하게 만들었습니다.;Our efforts to suppress the Boxers in this province has angered them, turning these nationalists against our government.;;;;;;;;;;;;x,,,
international_pariah;국제 왕따;International Pariah;Paria International;Internationales Ausgestossen;;;;;;;;;;;;x;;;;;;;;;;;;;;,,,,
international_pariah_desc;우리는 공격적인 정책으로 인해 국제사회에서 버림받았습니다.;We are a pariah in the international community for our aggressive policies.;;;;;;;;;;;;;x,,,,
great_war;총력전;Total War;Guerre Totale;Gr秤er Krieg;;;;;;;;;;;;x;;;;;;;;;;;;;;,,,,
great_war_desc;우리는 적과 전면전을 벌이고 있습니다. 우리는 하나로 뭉쳐야 합니다. 그렇지 않으면 우리의 모든 생활방식이 파괴될 위험을 감수해야 합니다.;We are in a state of total war with our enemies. We must rise up as one, or risk the destruction of our entire way of life.;;;;;;;;;;;;;x,,,
great_war2;전쟁 요구;The Demands of War;Les Demandes de la Guerre;Die Nachfragen des Krieges;;;;;;;;;;;x,,,,
great_war2_desc;엄청난 물자 부족이 우리 국민들의 전쟁에 대한 열의를 약화시키고 있습니다.;Massive shortages are causing our people's enthusiasm for war to dim.;;;;;;;;;;;;;x,,,,
great_war3;다 헛수고야?;Is It All For Nothing?;Est-il Tout Pour Rien?;Ist Alles F? Nichts?;;;;;;;;;;;x,,,,
great_war3_desc;우리가 전쟁을 빨리 끝내지 않으면, 상황은 우리에게 매우 악화될 것입니다.;If we do not end the war soon, things will go very badly for us.;;;;;;;;;;;;;x,,,
gateway_to_harbor;새 땅으로 가는 관문;Gateway to a New Land;;;;;;;;;;;;;x,,,,
gateway_to_harbor_desc;전 세계에서 온 많은 이민자들이 우리의 거대한 항구를 통과할 것이고 그들 중 많은 수가 도시에 정착할 것입니다.;Many immigrants from around the world will pass through our great harbor, and a great number of them will remain in the city.;;;;;;;;;;;;;x,,,
recent_crisis;최근 위기;Recent Crisis;;;;;;;;;;;;x,,,,,,,,,,,,,
recent_crisis_desc;우리는 최근의 위기 때 선동을 했습니다. 기억에서 잊힐 때까지 세계는 우리의 영토에 대한 더 이상의 요구를 간과하는 경향이 있을 것입니다.;We have been the instigators in a recent crisis. Until memories fade, the world will likely tend to overlook any further demands we make for our territories.;;;;;;;;;;;;x,,,,,,,,,,,,
rebel_cell_discovered;반란 주동자 발각;Rebel Cell Discovered;;;;;;;;;;;;x,,,,,,,,,,,,,
rebel_cell_discovered_desc;반란의 주동자가 밝혀지면 나머지를 발견하고 뿌리뽑기까지는 시간 문제입니다!;With one rebel cell uncovered, it's only a matter of time before we discover the rest and stamp them out!;;;;;;;;;;;;x,,,,,,,,,,,,
fukoku_kyohei;부국강병;Fukoku Kyohei;;;;;;;;;;;;x,,,,,,,,,,,,,,,,,,,,,,
may_day;노동절;May Day;;;;;;;;;;;;x,,,,,,,,,,,,,,,,,,,,,,,,,,,,,,,,,,,,,,,,,,,,,,,,,,,,,,,,,,,,,,,,,,,,,,,,,,,,,,,,
may_day_desc;우리나라는 사회주의를 찬양합니다. 탐욕스러운 자본가들이 그들의 부츠를 신고 흔들게 합시다!;Our nation celebrates socialism. Let the greedy capitalists of the land shake in their boots!;;;;;;;;;;;;x,,,,,,,,,,,,,,,,,,,,,,,,,,,,,,,,,,,,,,,,,,,,,,,,,,,,,,,,,,,,,,,,,,,,,,,,,,,,,,,,
militant_trade_union;공격적 노동조합;Militant Trade Union;;;;;;;;;;;;x,,,,,,,,,,,,,,,,,,,,,,,,,,,,,,,,,,,,,,,,,,,,,,,,,,,,,,,,,,,,,,,,,,,,,,,,,,,,,,,,
dissatisfied_workers;불행한 노동자;Dissatisfied Workers;;;;;;;;;;;;x,,,,,,,,,,,,,,,,,,,,,,,,,,,,,,,,,,,,,,,,,,,,,,,,,,,,,,,,,,,,,,,,,,,,,,,,,,,,,,,,
militant_trade_union;공격적 노동조합;Militant Trade Union;;;;;;;;;;;;x,,,,,,,,,,,,,,,,,,,,,,,,,,,,,,,,,,,,,,,,,,,,,,,,,,,,,,,,,,,,,,,,,,,,,,,,,,,,,,,,
worker_revolt;노동자 봉기;Worker Revolt;;;;;;;;;;;;x,,,,,,,,,,,,,,,,,,,,,,,,,,,,,,,,,,,,,,,,,,,,,,,,,,,,,,,,,,,,,,,,,,,,,,,,,,,,,,,,
