;;;;;;;;;;;;;;x,,,
HAS_NO_UNION_TAG; 문화연합 있음;has culture union;n'a pas de culture syndicale;besitzt KEINE kulturellen Unionen;;;;;;;;;;;x
UNIT_BUILD_TIME_IW;$VAL$일;$VAL$ days.;$VAL$ jours.;$VAL$ Tage.;;$VAL$ d?s.;;;;;;;;;x;
breton;브르타뉴;Breton;Breton;Bretonisch;;;;;;;;;;;x
occitan;옥시타니아;Occitan;Occitain;Occitanisch;;;;;;;;;;;x
HAS_GOODS;생산물;produces ;;;;;;;;;;;;;x,,,
assyrian;아시리아;Assyrian;;;;;;;;;;;;;x,,,
xhosa;호사;Xhosa;;;;;;;;;;;;;x,,,
shinto;신토;Shinto;;;;;;;;;;;;;x,,,
sephardic;세파르디;Sephardic;;;;;;;;;;;;x,,,
picard;피카르디;Picard;;;;;;;;;;;;x,,,
jewish_cultures;유대;Jewish;;;;;;;;;;;;x,,,
far_east_asian;극동;Far East Asian;;;;;;;;;;;;x,,,
arabic;아랍;Arabic;;;;;;;;;;;;x,,,
pan_albanian;알바니아;Albanian;;;;;;;;;;;;x,,,
HAS_SIEGE;포위당함;Under Siege;;;;;;;;;;;;x,,,
separatist_rebels_title;분리주의 반군;Patriot;;;;;;;;;;;;x,,,
separatist_rebels_name;$CULTURE$ 분리주의 반군;$CULTURE$ Patriots;;;;;;;;;;;;x,,,
separatist_rebels_desc;이 반군들은 자신의 지역이 모국의 깃발 아래 통합되기를 꿈꿉니다. 그들이 장악한 지역은 그들의 모국에 합병될 것입니다.;Patriot rebels dream of unification with their cultural kin under a free banner, and any province they gain control of will eventually defect to a neighboring country of their culture.;;;;;;;;;;;;x,,
separatist_rebels_army;$CULTURE$ 분리주의 반군;$CULTURE$ Patriots;;;;;;;;;;;;x,,,
turkish_nationalist_rebels_title;튀르크 민족주의자;Turkish Nationalist;;;;;;;;;;;;x,,,
turkish_nationalist_rebels_name;튀르크 민족주의자;Turkish Nationalists;;;;;;;;;;;;x,,,
turkish_nationalist_rebels_desc;튀르크 민족주의자들은 오스만 제국을 무너뜨리고 공화국으로 대체하려 노력합니다.;Turkish Nationalists seek to topple the Ottoman monarchy, replacing it with a liberal republic.;;;;;;;;;;;;x,,
turkish_nationalist_rebels_army;튀르크 민족주의자;Turkish Nationalists;;;;;;;;;;;;x,,,
socialist_rebels_title;호전적 사회주의자;Militant Socialist;;;;;;;;;;;;x,,,
socialist_rebels_name;호전적 사회주의자;Militant Socialists;;;;;;;;;;;;x,,,
socialist_rebels_army;호전적 사회주의자;Militant Socialists;;;;;;;;;;;;x,,,
indian_nationalists_title;인도 민족주의자;Indian Nationalist;Pan-nationalistes;Pan-Nationalisten;;;;;;;;;;;;x;;;;;;;;;;;;;;,,,
indian_nationalists_name;인도 민족주의자;Indian Nationalists;$UNION$ - Pan-nationalistes;$UNION$ Pan-Nationalisten;;;;;;;;;;;;x;;;;;;;;;;;;;;,,,
indian_nationalists_desc;인도 민족주의자들은 어떤 방법으로든 인도를 자유롭고 독립적인 민족 국가로 통합하려고 합니다. 이것은 외국의 억압으로부터 자유로워지고 그들의 문화적 혈연과 결합하는 것을 포함합니다.;Indian nationalists seek to unify the sub-continent into a free and independent nation-state, by any means necessary. This includes breaking free from foreign oppressors and uniting with their cultural kin.;;;;;;;;;;;;x,,
indian_nationalists_army;인도 민족주의자;Indian Nationalists;$UNION$ - Jeunes brigades;Junge $UNION$ Brigaden;;;;;;;;;;;;x;;;;;;;;;;;;;;,,,
christino_rebels_title;크리스티노;Christino;;;;;;;;;;;;x,,,
christino_rebels_name;크리스티노;Christinos;;;;;;;;;;;;x,,,
christino_rebels_desc;크리스티노들은 페르난도 7세의 왕조를 지지하며 현 왕조를 찬탈자로 간주합니다. 그들은 페르난도 7세의 딸인 크리스티나를 복위시키려 하며, 현 왕실이 추진한 진보적 개혁도 폐지하려고 합니다.;These rebels support the royal line of Ferdinand VII, and consider the current king to be a pretender. They intend to reinstall the rightful queen, and restore the liberal reforms enacted by the previous royal line.;;;;;;;;;;;;x,
christino_rebels_army;크리스티노;Christinos;;;;;;;;;;;;x,,,
independence_rebels_title;독립군;Independence;;;;;;;;;;;;x,,,
independence_rebels_name;독립군;Independence Rebels;;;;;;;;;;;;x,,,
independence_rebels_desc;독립군들은 자신의 조국을 해방시키려 노력합니다.;These rebels seek to free the country from its vassal status.;;;;;;;;;;;;x,,,
independence_rebels_army독립군;Independence Rebels;;;;;;;;;;;;x,,,
native_rebels_title;반식민지 반군;Anti-Colonial;;;;;;;;;;;;x,,,
native_rebels_name;반식민지 반군;Anti-Colonial Rebels;;;;;;;;;;;;x,,,
native_rebels_desc;반식민지 반군들은 자신의 나라의 통치권을 원래대로 되돌리려 합니다.;These rebels seek to restore rulership of the country to its proper native culture.;;;;;;;;;;;;x,,,
native_rebels_army;반식민지 반군;Anti-Colonial Rebels;;;;;;;;;;;;x,,,
liberal_rebels_desc;자코뱅파는 전제군주제 하에서 입헌군주제를 시행하려 합니다. 그 다음에는 진보적 이념과 정치개혁에 초점을 맞춘 민주 정부를 수립하려 노력할 것입니다.;In an absolute monarchy, Jacobins will seek to impose a constitutional monarchy. Otherwise, Jacobins will strive to create a democratic government with a liberal ideology and a focus on political reform.;;;;;;;;;;;;;x,
NOT_STRONGER_ARMY_THAN;군사력 < ;Does not have a stronger military than ;;;;;;;;;;;;x,,,
STRONGER_ARMY_THAN;군사력 < ;Has a stronger military than ;;;;;;;;;;;;x,,,
regular;정규군;Regular;;;;;;;;;;;;x,,,
regular_short;정규군;Reg;;;;;;;;;;;;x,,,
horse_artillery;기동포병;Mobile Artillery;;;;;;;;;;;;x,,,
horse_artillery_short;기동포병;M-art;;;;;;;;;;;;x,,,
no_personality;개성 없음;No Personality;Aucune;Nichts;;;;;;;;;;;;x;;;;;;;;;;;;;;,,,
active_p;활동적임;Active;Actif;Aktiv;;;;;;;;;;;;x;;;;;;;;;;;;;;,,,
au_fait;정통함;Au'fait;Au fait;Sicher;;;;;;;;;;;;x;;;;;;;;;;;;;;,,,
apathetic;심드렁함;Apathetic;;;;;;;;;;;;;;x;;;;;;;;;;;;;;,,,
audacious;대담함;Audacious;Audacieux;K?n;;;;;;;;;;;;x;;;;;;;;;;;;;;,,,
able;Able;유능함;Capable;F?ig;;;;;;;;;;;;x;;;;;;;;;;;;;;,,,
aweless;두려움이 없음;Aweless;Casse-cou;Respektlos;;;;;;;;;;;;x;;;;;;;;;;;;;;,,,
aggressive;공격적임;Aggressive;Agressif;Aggressiv;;;;;;;;;;;;x;;;;;;;;;;;;;;,,,
arrogant;오만함;Arrogant;Arrogant;Arrogant;;;;;;;;;;;;x;;;;;;;;;;;;;;,,,
balanced_p;균형적임;Balanced;Pond??Ausgewogen;;;;;;;;;;;;x;;;;;;;;;;;;;;,,,
bigoted;편견이 심함;Bigoted;Sectaire;Engstirnig;;;;;;;;;;;;x;;;;;;;;;;;;;;,,,
brilliant;재능이 뛰어남;Brilliant;Brillant;Brilliant;;;;;;;;;;;;x;;;;;;;;;;;;;;,,,
brutish;야성적임;Brutish;Brutal;Brutal;;;;;;;;;;;;x;;;;;;;;;;;;;;,,,
bold;용감함;Bold;T??aire;Mutig;;;;;;;;;;;;x;;;;;;;;;;;;;;,,,
brash;자신만만함;Brash;Impudent;Forsch;;;;;;;;;;;;x;;;;;;;;;;;;;;,,,
ballsy;배짱 있음;Ballsy;Valeureux;Forsch;;;;;;;;;;;;x;;;;;;;;;;;;;;,,,
bastard;버릇없음;Bastard;Goujat;Bastard;;;;;;;;;;;;x;;;;;;;;;;;;;;,,,
cautious;조심스러움;Cautious;Prudent;Vorsichtig;;;;;;;;;;;;x;;;;;;;;;;;;;;,,,
coward;겁이 많음;Coward;Couard;Kleinm?ig;;;;;;;;;;;;x;;;;;;;;;;;;;;,,,
chickenhearted;소심함;Chickenhearted;Poltron;훞gstlich;;;;;;;;;;;;x;;;;;;;;;;;;;;,,,
craven;비겁함;Craven;Veule;Mutlos;;;;;;;;;;;;x;;;;;;;;;;;;;;,,,
competent;능숙함;Competent;Comp?ent;Kompetent;;;;;;;;;;;;x;;;;;;;;;;;;;;,,,
clever;영리함;Clever;Adroit;Clever;;;;;;;;;;;;x;;;;;;;;;;;;;;,,,
careless;경솔함;Careless;N?ligent;Achtlos;;;;;;;;;;;;x;;;;;;;;;;;;;;,,,
calm;침착함;Calm;Calme;Ruhig;;;;;;;;;;;;x;;;;;;;;;;;;;;,,,
cool_minded;차분함;Coolminded;Serein;Bedachtsam;;;;;;;;;;;;x;;;;;;;;;;;;;;,,,
careful;세심함;Careful;Attentif;Sorgsam;;;;;;;;;;;;x;;;;;;;;;;;;;;,,,
cruel;잔인함;Cruel;;;;;;;;;;;;;;x;;;;;;;;;;;;;;,,,
choleric;화를 잘 냄;Choleric;Col?ique;Cholerisch;;;;;;;;;;;;x;;;;;;;;;;;;;;,,,
charismatic;사람들을 잘 휘어잡음;Charismatic;Charismatique;Charismatisch;;;;;;;;;;;;x;;;;;;;;;;;;;;,,,
chivalrous;예의 바름;Chivalrous;Courtois;Ritterlich;;;;;;;;;;;;x;;;;;;;;;;;;;;,,,
confident;자신감 넘침;Confident;Confiant;Sicher;;;;;;;;;;;;x;;;;;;;;;;;;;;,,,
doughty;용맹함;Doughty;Vaillant;Tapfer;;;;;;;;;;;;x;;;;;;;;;;;;;;,,,
defiant;반항적임;Defiant;Provocateur;Trotzig;;;;;;;;;;;;x;;;;;;;;;;;;;;,,,
disciplined;잘 통솔됨;Disciplined;Disciplin?Diszipliniert;;;;;;;;;;;;x;;;;;;;;;;;;;;,,,
diligent;근면함;Diligent;;;;;;;;;;;;;;x;;;;;;;;;;;;;;,,,
dauntless;굴하지 않음;Dauntless;D?ermin?Unverzagt;;;;;;;;;;;;x;;;;;;;;;;;;;;,,,
daring;모험적임;Daring;Hardi;Draufg?gerisch;;;;;;;;;;;;x;;;;;;;;;;;;;;,,,
disorderly;어수선함;Disorderly;D?ordonn?Unordentlich;;;;;;;;;;;;x;;;;;;;;;;;;;;,,,
decisive;결단력 있음;Decisive;;;;;;;;;;;;;;x;;;;;;;;;;;;;;,,,
dumb;멍청함;Dumb;;;;;;;;;;;;;;x;;;;;;;;;;;;;;,,,
diplomatic;사교적임;Diplomatic;Diplomate;Diplomatisch;;;;;;;;;;;;x;;;;;;;;;;;;;;,,,
deeply_religious;독실함;Deeply Religious;Tr? croyant;Tief religi?;;;;;;;;;;;;x;;;;;;;;;;;;;;,,,
expert;숙련됨;Expert;Expert;Experte;;;;;;;;;;;;x;;;;;;;;;;;;;;,,,
energetic;정력적임;Energetic;;;;;;;;;;;;;;x;;;;;;;;;;;;;;,,,
efficient;능률적임;Efficient;Efficace;Effizient;;;;;;;;;;;;x;;;;;;;;;;;;;;,,,
emotional;감정적임;Emotional;;;;;;;;;;;;;;x;;;;;;;;;;;;;;,,,
earnest;성실함;Earnest;S?ieux;Ernsthaft;;;;;;;;;;;;x;;;;;;;;;;;;;;,,,
fearless;두려움이 없음Fearless;;;;;;;;;;;;;;x;;;;;;;;;;;;;;,,,
forgiving;너그러움;Forgiving;;;;;;;;;;;;;;x;;;;;;;;;;;;;;,,,
fanatic;광신도;Fanatic;Fanatique;Fanatisch;;;;;;;;;;;;x;;;;;;;;;;;;;;,,,
gallant;정중함;Gallant;Courageux;Galant;;;;;;;;;;;;x;;;;;;;;;;;;;;,,,
glory_hound;야심적임;Glory Hound;Ambitieux;Ruhms?htig;;;;;;;;;;;;x;;;;;;;;;;;;;;,,,
genius;천재;Genius;;;;;;;;;;;;;;x;;;;;;;;;;;;;;,,,
gutsy;배짱 있음;Gutsy;Brave;Waghalsig;;;;;;;;;;;;x;;;;;;;;;;;;;;,,,
harsh;가혹함;Harsh;Dur;Harsch;;;;;;;;;;;;x;;;;;;;;;;;;;;,,,
hellbent;무모함;Hellbent;Acharn?Draufg?ger;;;;;;;;;;;;x;;;;;;;;;;;;;;,,,
heroic;영웅적임;Heroic;H?o?ue;Heroisch;;;;;;;;;;;;x;;;;;;;;;;;;;;,,,
irresponsible;무책임함;Irresponsible;;;;;;;;;;;;;;x;;;;;;;;;;;;;;,,,
imaginative;창의적임;Imaginative;;;;;;;;;;;;;;x;;;;;;;;;;;;;;,,,
indecisive;우유부단함;Indecisive;;;;;;;;;;;;;;x;;;;;;;;;;;;;;,,,
inspiring;고무적임;Inspiring;Stimulant;Inspirierend;;;;;;;;;;;;x;;;;;;;;;;;;;;,,,
impetuous;성급함;Impetuous;Imp?ueux;Ungest?;;;;;;;;;;;;x;;;;;;;;;;;;;;,,,
implacable;완강함;Implacable;Implacable;Unerbittlich;;;;;;;;;;;;x;;;;;;;;;;;;;;,,,
imperious;고압적임;Imperious;Autoritaire;Herrisch;;;;;;;;;;;;x;;;;;;;;;;;;;;,,,
irate;쉽게 격분함;Irate;Furieux;Aufbrausend;;;;;;;;;;;;x;;;;;;;;;;;;;;,,,
intuitive;직감적임;Intuitive;Intuitif;Intuitiv;;;;;;;;;;;;x;;;;;;;;;;;;;;,,,
impulsive;충동적임;Impulsive;Impulsif;Impulsiv;;;;;;;;;;;;x;;;;;;;;;;;;;;,,,
incapable;무능함;Incapable;Incapable;Unf?ig;;;;;;;;;;;;x;;;;;;;;;;;;;;,,,
indifferent;무관심함;Indifferent;Indiff?ent;Gleichg?tig;;;;;;;;;;;;x;;;;;;;;;;;;;;,,,
intelligent;총명함;Intelligent;Intelligent;Intelligent;;;;;;;;;;;;x;;;;;;;;;;;;;;,,,
inept;서투름;Inept;Inepte;Untauglich;;;;;;;;;;;;x;;;;;;;;;;;;;;,,,
inefficient;능률 낮음;Inefficient;Inefficace;Ineffizient;;;;;;;;;;;;x;;;;;;;;;;;;;;,,,
keen;열정적임;Keen;Enthousiaste;Gewitzt;;;;;;;;;;;;x;;;;;;;;;;;;;;,,,
lilylivered;겁쟁이;Lilylivered;Froussard;Feige;;;;;;;;;;;;x;;;;;;;;;;;;;;,,,
lackluster;활기 없음;Lackluster;Terne;Lustlos;;;;;;;;;;;;x;;;;;;;;;;;;;;,,,
merciless;무자비함;Merciless;Impitoyable;Gnadenlos;;;;;;;;;;;;x;;;;;;;;;;;;;;,,,
meticulous;꼼꼼함;Meticulous;M?iculeux;Genau;;;;;;;;;;;;x;;;;;;;;;;;;;;,,,
manful;씩씩함;Manful;Ardent;M?nlich;;;;;;;;;;;;x;;;;;;;;;;;;;;,,,
madman;미치광이;Madman;Fou;Irrer;;;;;;;;;;;;x;;;;;;;;;;;;;;,,,
mediocre;평범함;Mediocre;M?iocre;Mittelm癌ig;;;;;;;;;;;;x;;;;;;;;;;;;;;,,,
maladroit;솜씨 없음;Maladroit;Maladroit;Unbeholfen;;;;;;;;;;;;x;;;;;;;;;;;;;;,,,
openminded;속이 트임;Openminded;Ouvert d'esprit;Offen;;;;;;;;;;;;x;;;;;;;;;;;;;;,,,
persistant;집요함;Persistant;Pers??ant;Hartn?kig;;;;;;;;;;;;x;;;;;;;;;;;;;;,,,
pompous;거만함;Pompous;;;;;;;;;;;;;;x;;;;;;;;;;;;;;,,,
paranoid;피해망상적임;Paranoid;;;;;;;;;;;;;;x;;;;;;;;;;;;;;,,,
polite;공손함;Polite;Poli;H?lich;;;;;;;;;;;;x;;;;;;;;;;;;;;,,,
pusillanimous;심약함;Pusillanimous;Pusillanime;Verzagt;;;;;;;;;;;;x;;;;;;;;;;;;;;,,,
pisspoor;질이 낮음;Pisspoor;Pitoyable;Arm;;;;;;;;;;;;x;;;;;;;;;;;;;;,,,
perverse;비뚤어짐;Perverse;Ent??Pervers;;;;;;;;;;;;x;;;;;;;;;;;;;;,,,
resourceful;지약 있음;Resourceful;Ing?ieux;Findig;;;;;;;;;;;;x;;;;;;;;;;;;;;,,,
respectful;존경을 받음;Respectful;;;;;;;;;;;;;;x;;;;;;;;;;;;;;,,,
romantic;낭만적임;Romantic;Romantique;Romantisch;;;;;;;;;;;;x;;;;;;;;;;;;;;,,,
relentless;끈질김;Relentless;Implacable;Unbarmherzig;;;;;;;;;;;;x;;;;;;;;;;;;;;,,,
reserved;내성적임;Reserved;R?erv?Reserviert;;;;;;;;;;;;x;;;;;;;;;;;;;;,,,
resolute;확고함;Resolute;R?olu;Resolut;;;;;;;;;;;;x;;;;;;;;;;;;;;,,,
ruthless;인정사정없음;Ruthless;;;;;;;;;;;;;;x;;;;;;;;;;;;;;,,,
rebellious;반체제적임;Rebellious;;;;;;;;;;;;;;x;;;;;;;;;;;;;;,,,
skilled;노련함;Skilled;Talentueux;Geschickt;;;;;;;;;;;;x;;;;;;;;;;;;;;,,,
secretive;비밀스러움;Secretive;;;;;;;;;;;;;;x;;;;;;;;;;;;;;,,,
shrinking_violet;수줍음;Shrinking Violet;Timor?Mauerbl?chen;;;;;;;;;;;;x;;;;;;;;;;;;;;,,,
sinner;죄인;Sinner;;;;;;;;;;;;x,,,
strange;이상함;Strange;?range;Merkw?dig;;;;;;;;;;;;x;;;;;;;;;;;;;;,,,
stout;튼튼함;Stout;Solide;Beherzt;;;;;;;;;;;;x;;;;;;;;;;;;;;,,,
soldierly;군인다움;Soldierly;Militaire;Soldatisch;;;;;;;;;;;;x;;;;;;;;;;;;;;,,,
spirited;활발함;Spirited;Fougueux;Spr?end;;;;;;;;;;;;x;;;;;;;;;;;;;;,,,
stalwart;충직함;Stalwart;Robuste;Robust;;;;;;;;;;;;x;;;;;;;;;;;;;;,,,
soft;부드러움;Soft;Indolent;Weich;;;;;;;;;;;;x;;;;;;;;;;;;;;,,,
spineless;줏대 없음;Spineless;Mou;R?kgratlos;;;;;;;;;;;;x;;;;;;;;;;;;;;,,,
stouthearted;굳셈;Stouthearted;Intr?ide;Beherzt;;;;;;;;;;;;x;;;;;;;;;;;;;;,,,
steadfast;유용함;Steadfast;In?ranlable;Solide;;;;;;;;;;;;x;;;;;;;;;;;;;;,,,
scared;무서움을 잘탐;Scared;Craintif;Ver?gstigt;;;;;;;;;;;;x;;;;;;;;;;;;;;,,,
shirker;게으름뱅이;Shirker;Tire-au-flanc;Dr?keberger;;;;;;;;;;;;x;;;;;;;;;;;;;;,,,
smart_p;똑똑함;Smart;Habile;Schlau;;;;;;;;;;;;x;;;;;;;;;;;;;;,,,
sharp;선명함;Sharp;Malin;Klug;;;;;;;;;;;;x;;;;;;;;;;;;;;,,,
timid;용기가 없음;Timid;Timide;Furchtsam;;;;;;;;;;;;x;;;;;;;;;;;;;;,,,
tactful;재치 있음;Tactful;D?icat;Taktvoll;;;;;;;;;;;;x;;;;;;;;;;;;;;,,,
unflinching;잘 위축되지 않음;Unflinching;Opini?re;Entschlossen;;;;;;;;;;;;x;;;;;;;;;;;;;;,,,
unruly;다루기 힘듦;Unruly;Insoumis;Widerborstig;;;;;;;;;;;;x;;;;;;;;;;;;;;,,,
undisciplined;제멋대로임;Undisciplined;Indisciplin?Undiszipliniert;;;;;;;;;;;;x;;;;;;;;;;;;;;,,,
unforgiving;다루기 힘듦;Unforgiving;;;;;;;;;;;;;;x;;;;;;;;;;;;;;,,,
unmanly;남자답지 못함;Unmanly;L?he;Unm?nlich;;;;;;;;;;;;x;;;;;;;;;;;;;;,,,
unsound;불안정함;Unsound;Dangereux;Unzuverl?sig;;;;;;;;;;;;x;;;;;;;;;;;;;;,,,
vainglorious;자만심이 강함;Vainglorious;Vaniteux;Prahlerisch;;;;;;;;;;;;x;;;;;;;;;;;;;;,,,
vicious;악랄함;Vicious;Violent;B?artig;;;;;;;;;;;;x;;;;;;;;;;;;;;,,,
wrathful;몹시 노함;Wrathful;Courrouc?Zornerf?lt;;;;;;;;;;;;x;;;;;;;;;;;;;;,,,
wretched;비참함;Wretched;Mis?able;J?merlich;;;;;;;;;;;;x;;;;;;;;;;;;;;,,,
yellow;겁이 매우 많음;Yellow;Trouillard;Memme;;;;;;;;;;;;x;;;;;;;;;;;;;;,,,
no_background;뒤가 없음;No Background;Aucun(e);Nichts;;;;;;;;;;;;x;;;;;;;;;;;;;;,,,
ambitious_careerist;출세제일주의자Ambitious Careerist;;;;;;;;;;;;;;x;;;;;;;;;;;;;;,,,
architect;설계자;Architect;;;;;;;;;;;;;;x;;;;;;;;;;;;;;,,,
armchair_general;탁상공론식의 장군;Armchair General;G??al de fa?de;Sesselgeneral;;;;;;;;;;;;x;;;;;;;;;;;;;;,,,
artillerist;포병;Artillerist;Artilleur;Artillerist;;;;;;;;;;;;x;;;;;;;;;;;;;;,,,
amateur;아마추어;Amateur;Amateur;Amateur;;;;;;;;;;;;x;;;;;;;;;;;;;;,,,
aristocrat;귀족;Aristocrat;Aristocrate;Aristokrat;;;;;;;;;;;;x;;;;;;;;;;;;;;,,,
adventurer;모험가;Adventurer;Aventurier;Abenteurer;;;;;;;;;;;;x;;;;;;;;;;;;;;,,,
butcher;도살자;Butcher;Boucher;Schl?hter;;;;;;;;;;;;x;;;;;;;;;;;;;;,,,
bureaucrat_speed;빠른 관료;Bureaucrat Speed;Vitesse de bureaucrate;B?okratische Geschwindigkeit;;;;;;;;;;;;x;;;;;;;;;;;;;;,,,
brownnoser;아첨을 잘함;Brownnoser;L?he-cul;Stiefellecker;;;;;;;;;;;;x;;;;;;;;;;;;;;,,,
brilliant_strategist;뛰어난 전략가;Brilliant Strategist;;;;;;;;;;;;;;x;;;;;;;;;;;;;;,,,
bootlicker;추종자;Bootlicker;L?he-bottes;Speichellecker;;;;;;;;;;;;x;;;;;;;;;;;;;;,,,
cavalry_school;기병학교;Cavalry School;?ole de cavalerie;Kavallerieschule;;;;;;;;;;;;x;;;;;;;;;;;;;;,,,
colonial_recruit;식민지 징집군;Colonial Recruit;;;;;;;;;;;;;;x;;;;;;;;;;;;;;,,,
colonial_b;식민지 출신;Colonial;Colonial;Kolonial;;;;;;;;;;;;x;;;;;;;;;;;;;;,,,
cartographer;지도 제작자;Cartographer;Cartographe;Kartograf;;;;;;;;;;;;x;;;;;;;;;;;;;;,,,
cursed_luck;저주받은 행운아;Cursed Luck;Malchanceux;Vom Pech verflucht;;;;;;;;;;;;x;;;;;;;;;;;;;;,,,
corrupt;부패함;Corrupt;Corrompu;Korrupt;;;;;;;;;;;;x;;;;;;;;;;;;;;,,,
clueless;아주 멍청함;Clueless;Ignorant;Ahnungslos;;;;;;;;;;;;x;;;;;;;;;;;;;;,,,
debutante;사교계에 처음 가본 상류층;Debutante;D?utant;Deb?ant;;;;;;;;;;;;x;;;;;;;;;;;;;;,,,
disgraced;실각함;Disgraced;D?honor?In Ungnade Gefallener;;;;;;;;;;;;x;;;;;;;;;;;;;;,,,
drillmaster;교련 교관;Drillmaster;Sergent instructeur;Zuchtmeister;;;;;;;;;;;;x;;;;;;;;;;;;;;,,,
diplomat;책략가;Diplomat;Diplomate;Diplomat;;;;;;;;;;;;x;;;;;;;;;;;;;;,,,
engineer;공병대;Engineer;G?ie;Ingenieur;;;;;;;;;;;;x;;;;;;;;;;;;;;,,,
entrepreneur;사업가;Entrepreneur;;;;;;;;;;;;;;x;;;;;;;;;;;;;;,,,
exranker;사병 출신;Exranker;Ancien militaire;Ex-Gefreiter;;;;;;;;;;;;x;;;;;;;;;;;;;;,,,
expert_raider;전문 침입자;Expert Raider;Commando exp?iment??erfallexperte;;;;;;;;;;;;x;;;;;;;;;;;;;;,,,
eccentric_genius;괴짜 천재;Eccentric Genius;G?ie excentrique;Exzentrisches Genie;;;;;;;;;;;;x;;;;;;;;;;;;;;,,,
elder_statesmen;원로 정치가;Elder Statesman;;;;;;;;;;;;;;x;;;;;;;;;;;;;;,,,
elderly;늙음;Elderly;헸?훜ter;;;;;;;;;;;;x;;;;;;;;;;;;;;,,,
ethnic;민족적임;Ethnic;;;;;;;;;;;;;;x;;;;;;;;;;;;;;,,,
gifted_administrator;재능있는 관리자;Gifted Administrator;Administrateur dou?Begabter Administrator;;;;;;;;;;;;x;;;;;;;;;;;;;;,,,
generals_aide;장군의 보좌관;General's Aide;Aide de camp;Generalsadjutant;;;;;;;;;;;;x;;;;;;;;;;;;;;,,,
hated;증오받음;Hated;Odieux;Gehasst;;;;;;;;;;;;x;;;;;;;;;;;;;;,,,
innovative_tactician;혁신적인 전술가;Innovative Tactician;Tacticien novateur;Innovativer Taktiker;;;;;;;;;;;;x;;;;;;;;;;;;;;,,,
immoral;부도덕함;Immoral;Immoral;Unmoralisch;;;;;;;;;;;;x;;;;;;;;;;;;;;,,,
introverted_philosopher;내성적인 철학자;Introverted Philosopher;;;;;;;;;;;;;;x;;;;;;;;;;;;;;,,,
incompetent;무능력자;Incompetent;Incomp?ent;Inkompetent;;;;;;;;;;;;x;;;;;;;;;;;;;;,,,
intellectual;이지적임;Intellectual;;;;;;;;;;;;;;x;;;;;;;;;;;;;;,,,
military_theoretician;군사 이론가;Military Theoretician;;;;;;;;;;;;;;x;;;;;;;;;;;;;;,,,
megalomaniac;과대망상증 환자;Megalomaniac;M?alomane;Megalomane;;;;;;;;;;;;x;;;;;;;;;;;;;;,,,
mercenary;수전노;Mercenary;;;;;;;;;;;;;;x;;;;;;;;;;;;;;,,,
feeble;허약함;Feeble;;;;;;;;;;;;x,,,
harsh_disciplinarian;규율이 가혹함;Harsh Disciplinarian;;;;;;;;;;;;x,,,
fearsome;무시무시함;Fearsome;;;;;;;;;;;;x,,,
independent;독립적임;Independent-Minded;;;;;;;;;;;;x,,,
bureaucrat;관료;Bureaucrat;;;;;;;;;;;;x,,,
member_of_elite;엘리트;Member of the Elite;;;;;;;;;;;;;;x;;;;;;;;;;;;;;,,,
natural_born_leader;타고난 지도자;Natural Born Leader;Leader naturel;Geborener Anf?rer;;;;;;;;;;;;x;;;;;;;;;;;;;;,,,
nationalist;민족주의자;Nationalist;;;;;;;;;;;;;;x;;;;;;;;;;;;;;,,,
old_school;구식 학파;Old School;Vieille ?ole;Alte Schule;;;;;;;;;;;;x;;;;;;;;;;;;;;,,,
poet;시인;Poet;Po?e;Poet;;;;;;;;;;;;x;;;;;;;;;;;;;;,,,
priest;사제;Priest;Pr?re;Priester;;;;;;;;;;;;x;;;;;;;;;;;;;;,,,
professor;교수;Professor;Professeur;Professor;;;;;;;;;;;;x;;;;;;;;;;;;;;,,,
powerful_friends;강력한 동지;Powerful Friends;Amis puissants;M?htige Freunde;;;;;;;;;;;;x;;;;;;;;;;;;;;,,,
pawn;졸병;Pawn;Pion;Pfand;;;;;;;;;;;;x;;;;;;;;;;;;;;,,,
questionable_loyalties;충성이 의심스러움;Questionable Loyalties;;;;;;;;;;;;;;x;;;;;;;;;;;;;;,,,
renowned_adventurer;유명한 모험가;Renowned Adventurer;;;;;;;;;;;;;;x;;;;;;;;;;;;;;,,,
politician;정치꾼;Politician;Politicien;Politiker;;;;;;;;;;;;x;;;;;;;;;;;;;;,,,
rising_star;떠오르는 별;Rising Star;?oile montante;Aufsteigender Stern;;;;;;;;;;;;x;;;;;;;;;;;;;;,,,
religious_fanatic;종교 광신도;Religious Fanatic;;;;;;;;;;;;;;x;;;;;;;;;;;;;;,,,
religious_leader;종교 지도자;Religious Leader;;;;;;;;;;;;;;x;;;;;;;;;;;;;;,,,
railroad_man;철도 종업원;Railroad Man;;;;;;;;;;;;;;x;;;;;;;;;;;;;;,,,
rags_to_riches;자수성가함;Rags to Riches;;;;;;;;;;;;;;x;;;;;;;;;;;;;;,,,
son_of_hero;영웅의 아들;Hero's Son;;;;;;;;;;;;;;x;;;;;;;;;;;;;;,,,
spoiled;망가짐;Spoiled;G??Verw?nt;;;;;;;;;;;;x;;;;;;;;;;;;;;,,,
school_of_defense;방어주의 학파;School of Defense;?ole de d?ense;Schule der Verteidigung;;;;;;;;;;;;x;;;;;;;;;;;;;;,,,
school_of_offense;공격주의 학파;School of Offense;?ole d'attaque;Schule der Offensive;;;;;;;;;;;;x;;;;;;;;;;;;;;,,,
school_of_the_bayonet;총검주의 학파;School of the Bayonet;?ole de la ba?nnette;Schule des Bajonetts;;;;;;;;;;;;x;;;;;;;;;;;;;;,,,
school_of_firepower;화력주의 학파;School of Firepower;?ole de la puissance de feu;Schule der Feuerkraft;;;;;;;;;;;;x;;;;;;;;;;;;;;,,,
sad_sack;요령 없음;Sad Sack;Rat?Trauriger Sack;;;;;;;;;;;;x;;;;;;;;;;;;;;,,,
state_ideologue;이념적임;State Ideologue;;;;;;;;;;;;;;;x;;;;;;;;;;;;;;,,,
sucker;얼간이Sucker;Gogo;Trottel;;;;;;;;;;;;x;;;;;;;;;;;;;;,,,
sycophant;아첨꾼;Sycophant;Flagorneur;Kriecher;;;;;;;;;;;;x;;;;;;;;;;;;;;,,,
toady;알랑쇠;Toady;Flatteur;Schleimer;;;;;;;;;;;;x;;;;;;;;;;;;;;,,,
turncoat;변절자;Turncoat;;;;;;;;;;;;;;x;;;;;;;;;;;;;;,,,
university_educated;고등교육 이수자;University Educated;;;;;;;;;;;;;;;x;;;;;;;;;;;;;;,,,
uncommonly_young;흔치 않게 어림;Uncommonly Young;Singuli?ement jeune;Ungew?nlich jung;;;;;;;;;;;;x;;;;;;;;;;;;;;,,,
unfit;몸 상태가 안 좋음;Unfit;Inapte;Ungeeignet;;;;;;;;;;;;x;;;;;;;;;;;;;;,,,
unqualified;자격 미달;Unqualified;Non qualifi?Unqualifiziert;;;;;;;;;;;;x;;;;;;;;;;;;;;,,,
unfulfilled_potential;잠재력 달성안됨;Unfulfilled Potential;;;;;;;;;;;;;;x;;;;;;;;;;;;;;,,,
warmonger;전쟁광;Warmonger;Belliciste;Kriegstreiber;;;;;;;;;;;;x;;;;;;;;;;;;;;,,,
war_college;육군사관학교;War College;?ole militaire;Milit?akademie;;;;;;;;;;;;x;;;;;;;;;;;;;;,,,
wounded_veteran;부상 입은 베테랑;Wounded Veteran;;;;;;;;;;;;;;x;;;;;;;;;;;;;;,,,
womanizer;오입쟁이;Womanizer;Coureur de jupons;Sch?zenj?er;;;;;;;;;;;;x;;;;;;;;;;;;;;,,,
yesman;고분고분함;Yesman;B?i-oui-oui;Jasager;;;;;;;;;;;;x;;;;;;;;;;;;;;,,,
arab_revolt_ended;아랍 반란 종결;Arab Revolt Ended;;;;;;;;;;;;x,,,
newly_released_nation;신생국;Newly-Formed Nation;;;;;;;;;;;;x,,,
crop_rotation;작물 변경;Crop Rotation;;;;;;;;;;;;x,,,
crop_rotation_desc;농작물 변경 관습을 현재 각지의 농장에서 사용하고 있습니다.;The practice of crop rotation is now being used in local farms.;;;;;;;;;;;;x,,,
phosphates;인산염;Phosphates;;;;;;;;;;;;x,,,
phosphates_desc;이 지역의 농토를 비옥하게 만들기 위해 인산염을 사용하고 있습니다.;Phosphates are now being used to fertilize farm soil in the area.;;;;;;;;;;;;x,,,
nitrates;질산염;Nitrates;Nitrates;;;;;;;;;;;;x,,,
nitrates_desc;이 지역의 농토를 비옥하게 만들기 위해 질산염을 사용하고 있습니다.;Nitrates are now being used to fertilize farm soil in the area.;;;;;;;;;;;;x,,,
will_support_entre_rios;엔트레리오스에 지원 약속;Pledged Support to Entre Rios;;;;;;;;;;;;x,,,
shaft_mine;수갱 채굴;Shaft Mining;;;;;;;;;;;;x,,,
shaft_mine_desc;이 지역에서 수갱 채굴 기술을 개발했습니다.;Deep shaft mining has been developed in the province.;;;;;;;;;;;;x,,,
pit_mine;갱 채굴;Pit Mining;;;;;;;;;;;;x,,,
pit_mine_desc;이 지역에서 갱 채굴 기술을 개발했습니다.;Pit mining has been developed in the province.;;;;;;;;;;;;x,,,
strip_mine;노천 채굴;Strip Mining;;;;;;;;;;;;x,,,
strip_mine_desc;이 지역에서 노천 채굴 기술이 개발되었습니다.;Strip mining has been developed in the province.;;;;;;;;;;;;x,,,
tax_reforms;세금개혁;National Tax Reforms;;;;;;;;;;;;x,,,
tax_reforms_desc;세금에 대한 최근의 개혁으로 인해 법률을 폐지하거나 허점이 발견될 때까지 세금 효율이 높아집니다.;Recent reforms to tax laws have increased our tax efficiency?at least until those laws are repealed or loopholes found to evade them.;;;;;;;;;;;;x,,,
intense_farming;집약 농업;Intensive Farming;;;;;;;;;;;;x,,,
intense_farming_desc;이 지역에서는 집약 농업을 도입했습니다. 이는 지력을 고갈시킬 위험이 있지만 농지를 더욱 효율적이고 집중적으로 경작할 수 있습니다.;Plantations have been started in this province to more efficiently and intensively farm it-- even though this comes with a risk of exhausting the farmland.;;;;;;;;;;;;x,,,
exhausted_land;지력 고갈;Exhausted Farmland;;;;;;;;;;;;x,,,
exhausted_land_desc;이 지역의 집약 농업이 토양의 지력을 소진시켰습니다. 지력이 회복될 때까지 생산량은 전보다 상당히 낮을 것입니다.;The intensive farming of this province's farmland has exhausted the soil. Production will be low until the land recovers.;;;;;;;;;;;;x,,,
irrigration_network;관개망;Irrigation Network;;;;;;;;;;;;x,,,
irrigration_network_desc;관개망이 건설되어 사막을 더욱 효과적으로 경작할 수 있게 되었습니다.;An irrigation network has been built here, allowing the desert to be farmed more effectively.;;;;;;;;;;;;x,,
population_trend;인구 성장 추세;Population Growth Trend;;;;;;;;;;;;x,,,
population_trend_desc;최근 인구 증가 추세가 변화하고 있습니다. 당분간은 안정세를 유지할 것으로 보입니다.;Our nation has recently experienced a change in our population growth. It will likely remain stable for some time to come.;;;;;;;;;;;;x,,,
point_five_children;출산율 0.5명;Growth Rate: 0.5 Children;;;;;;;;;;;;x,,,
point_five_children_desc;우리나라의 출산율은 거의 최악입니다. 아이의 수가 성인의 25%에 불과합니다.;Our nation's growth rate is abysmal-- roughly equivalent to one child for every four healthy adults.;;;;;;;;;;;;x,,,
one_child;출산율 어린이 1명;Growth Rate: 1 Child;;;;;;;;;;;;x,,,
one_child_desc;우리나라의 출산율은 거의 매우 낮은 편입니다. 아이의 수가 성인의 50%에 불과합니다.;Our nation's growth rate is very low-- roughly equivalent to one child for every two healthy adults.;;;;;;;;;;;;x,,,
one_point_five_children;출산율 1.5명;Growth Rate: 1.5 Children;;;;;;;;;;;;x,,,
one_point_five_children_desc;우리나라의 출산율은 낮은 편입니다. 아이의 수가 성인의 75%에 불과합니다.;Our nation's growth rate is low-- roughly equivalent to three children for every four healthy adults.;;;;;;;;;;;;x,,,
two_children;출산율 2명;Growth Rate: 2 Children;;;;;;;;;;;;x,,,
two_children_desc;우리나라의 출산율은 괜찮은 편입니다. 아이의 수가 성인과 맞먹습니다.;Our nation's growth rate is stable-- roughly equivalent to two children for every two healthy adults.;;;;;;;;;;;;x,,,
two_point_five_children;출산률: 2.5명;Growth Rate: 2.5 Children;;;;;;;;;;;;x,,,
two_point_five_children_desc;우리나라의 출산율은 평균치보다 높습니다. 아이의 수가 성인의 125%에 다다릅니다.;Our nation's growth rate is above average-- roughly equivalent to five children for every four healthy adults.;;;;;;;;;;;;x,,,
three_children;출산율 3명;Growth Rate: 3 Children;;;;;;;;;;;;x,,,
three_children_desc;우리나라의 출산율은 높습니다. 아이의 수가 성인의 150%에 다다릅니다.;Our nation's growth rate is high-- roughly equivalent to three children for every two healthy adults.;;;;;;;;;;;;x,,,
four_children;출산율 4명;Growth Rate: 4 Children;;;;;;;;;;;;x,,,
four_children_desc;우리나라의 출산율은 매우 높습니다. 아이의 수가 성인의 200%에 다다릅니다.;Our nation's growth rate is very high-- roughly equivalent to four children for every two healthy adults.;;;;;;;;;;;;x,,,
bleeding;출혈 상태;Bleeding State;;;;;;;;;;;;x,,,
bleeding_desc;노예제 폐지파와 찬성파 사이에 끼어있는 이 주는 지역 폭력의 진통을 겪고 있습니다.;Caught between the forces of abolitionism and those supporting slavery, this state is in the throes of violence as the locals attempt to sway the entire populace one way or the other.;;;;;;;;;;;;x,,
submarine;잠수함;Submarine;;;;;;;;;;;;x,,,
