KEYNAME;TEXT;TEXT;;;;;;;;;;;;x;
news1;$TAG_2_0$ 정부의 평화제의 조건: $STRING_0_1$;The government of $TAG_2_0$ offered the peace with the following terms: $STRING_0_1$;;;;;;;;;;;;x;
battle_we_win_title_large;$STRING_0_3$에서의 영광스러운 승리!;GLORIOUS VICTORY IN $STRING_0_3$!;;GLORREICHER SIEG IN $STRING_0_3$!;;;;;;;;;;;x;;;;;;;;;;;;;;;;
battle_we_win_large;$DATE_LONG_0$, 타의 추종을 불허하는 아군이 $STRING_0_3$전투에서 승리했습니다! $VALUE_INT_0_1$명의 전사들이 용감하게 국가의 부름에 응답한 덕분에 $VALUE_INT_0_3$명의 $TAG_0_3$군을 물리칠 수 있었습니다. $VALUE_INT_0_2$명의 두려움 없던 용사들이 목숨을 잃었지만, $TAG_0_3$ 측도 $VALUE_INT_0_4$명의 병사를 잃었으며 결정적으로 $STRING_0_3$을(를) 손에 넣었습니다. 패배한 $TAG_0_3$에게는 평화조건을 구걸하는 길 뿐입니다!;On $DATE_LONG_0$ our unrivalled army was, once again, victorious in the battle of $STRING_0_3$! $VALUE_INT_0_1$ of our men bravely gave $VALUE_INT_0_3$ $TAG_0_3_ADJ$ troops a sound seeing to, and while $VALUE_INT_0_2$ of our fearless troops lost their lives, over $VALUE_INT_0_4$ $TAG_0_3_ADJ$ scoundrels were killed and the field was left in our hands. After a defeat like this, $TAG_0_3$ surely must soon seek peace terms!;;Am $DATE_LONG_0$ war unsere ungeschlagene Armee in der Schlacht von $STRING_0_3$ erneut siegreich! $VALUE_INT_0_1$ unserer tapferen M쬦ner gaben $VALUE_INT_0_3$ $TAG_0_3_ADJ$ Truppen Saures und auch wenn $VALUE_INT_0_2$ unserer tapferen Mannen ihr Leben lie쬦n, wurden mehr als $VALUE_INT_0_4$ $TAG_0_3_ADJ$ Schurken get쬦et. Nach einer solchen Niederlage, wird $TAG_0_3$ sicherlich um Frieden ersuchen!;;;;;;;;;;;x;;;;;;;;;;;;;;;;
battle_we_win_title_medium;$STRING_0_3$에서의 승리!;Victory in $STRING_0_3$!;;Sieg in $STRING_0_3$!;;;;;;;;;;;x;;;;;;;;;;;;;;;;
battle_we_win_medium;$DATE_LONG_0$, $VALUE_INT_0_2$명의 두려움 없던 용사들이 목숨을 잃은 대가로 아군이 $STRING_0_3$전투에서 $TAG_0_3$군을 물리쳤습니다!;On $DATE_LONG_0$ we defeated $VALUE_INT_0_3$ $TAG_0_3_ADJ$ troops in $STRING_0_3$, at the cost of $VALUE_INT_0_2$ lives lost.;;Am $DATE_LONG_0$ besiegten wir $VALUE_INT_0_3$ $TAG_0_3_ADJ$ Truppen in $STRING_0_3$, zum Preis von $VALUE_INT_0_2$ Leben.;;;;;;;;;;;x;;;;;;;;;;;;;;;;
battle_we_win_title_small;승리!;Victory!;;Sieg!;;;;;;;;;;;x;;;;;;;;;;;;;;;;
battle_we_win_small;$DATE_LONG_0$, 아군이 $STRING_0_3$전투에서 $TAG_0_3$군을 물리쳤습니다!;On $DATE_LONG_0$ we defeated $VALUE_INT_0_3$ $TAG_0_3_ADJ$ troops in $STRING_0_3$.;;Am $DATE_LONG_0$ besiegten wir $VALUE_INT_0_3$ $TAG_0_3_ADJ$ Truppen in $STRING_0_3$.;;;;;;;;;;;x;;;;;;;;;;;;;;;;
battle_we_lose_title_large;군사적 실수가 낳은 $STRING_0_3$에서의 재앙!;MILITARY BLUNDER LEADS TO DISASTER IN $STRING_0_3$!;;MILIT훀ISCHER PATZER F쬦RT ZU DESASTER IN $STRING_0_3$!;;;;;;;;;;;x;;;;;;;;;;;;;;;;
battle_we_lose_large;$DATE_LONG_0$, 기가 막히게도 무능한 사령부가 $STRING_0_3$에서 $TAG_0_2$군을 맞아 $VALUE_INT_0_4$명의 용감한 아군 병사들을 사지로 몰아넣었습니다. $VALUE_INT_0_3$명의 아군은 $VALUE_INT1$ $TAG_0_2$ 병사들을 맞아 서투른 지휘수완과 적의 비열한 전술 운용에 맞서 거세게 저항했으나, $VALUE_INT_0_2$ 명의 사상자가 발생하고 말았습니다. 전장에서는 사령부가 전쟁을 수행하는 방식에 심각한 우려를 표하고 있습니다. 너무 늦기 전에 문제를 해결하기 위한 조치를 취하도록 정부에 강력히 촉구합니다!;On $DATE_LONG_0$ our incompetent high command shockingly sent $VALUE_INT_0_4$ of our brave soldiers to their deaths in $STRING_0_3$ against the forces of  $TAG_0_2$. Our $VALUE_INT_0_3$ fine troops faced $VALUE_INT1$ $TAG_0_2_ADJ$ soldiers, and despite poor leadership and the enemy's underhanded tactics managed to inflict $VALUE_INT_0_2$ casualties upon them. This paper expresses grave concerns over the direction the high command is taking this war, and strongly urges the Government to take steps to correct it before it is too late!;;Am $DATE_LONG_0$ sendete unser unf쬦iges Oberkommando schockierenderweise $VALUE_INT_0_4$ unserer tapferen Soldaten in $STRING_0_3$ gegen die Truppen von $TAG_0_2$ in den Tod. $VALUE_INT_0_3$ feine Soldaten stellten sich $VALUE_INT1$ $TAG_0_2_ADJ$ Mann und konnten trotz schlechter F쬦rung und der Hinterlist des Gegners $VALUE_INT_0_2$ Opfer mit sich nehmen. Wir bringen unsere gro쬦 Sorge 쬦er die Richtung des Oberkommandos in diesem Krieg zum Ausdruck und fordern die Regierung dazu auf, das Ruder herumzurei쬦n, bevor es zu sp쬦 ist!;;;;;;;;;;;x;;;;;;;;;;;;;;;;
battle_we_lose_title_medium;$STRING_0_3$에서의 패배;Defeat in $STRING_0_3$;;Niederlage in $STRING_0_3$;;;;;;;;;;;x;;;;;;;;;;;;;;;;
battle_we_lose_medium;$DATE_LONG_0$, $STRING_0_3$에서 $TAG_0_2$군을 맞아 싸웠으나, $VALUE_INT_0_4$명의 아군이 전사했으며, 전장은 $TAG_0_2$의 손에 넘어갔습니다.;On $DATE_LONG_0$ we lost the battle of $STRING_0_3$, losing $VALUE_INT_0_4$ men and leaving $TAG_0_2$ in control of the field.;;Am $DATE_LONG_0$ verloren wir die Schlacht von $STRING_0_3$, $VALUE_INT_0_4$ M쬦ner und die Kontrolle des Feldes an $TAG_0_2$.;;;;;;;;;;;x;;;;;;;;;;;;;;;;
battle_we_lose_title_small;$STRING_0_3$에서의 재앙;Disaster in $STRING_0_3$;;Desaster in $STRING_0_3$;;;;;;;;;;;x;;;;;;;;;;;;;;;;
battle_we_lose_small;$DATE_LONG_0$, $STRING_0_3$전투에서 패배하면서, $VALUE_INT_0_4$명의 아군이 전사하고 전장이 $TAG_0_2$의 손에 넘어갔습니다.;On $DATE_LONG_0$ we lost the battle of $STRING_0_3$, losing $VALUE_INT_0_4$ men and leaving $TAG_0_2$ in control of the field.;;Am $DATE_LONG_0$ verloren wir die Schlacht von $STRING_0_3$, $VALUE_INT_0_4$ M쬦ner und die Kontrolle des Feldes an $TAG_0_2$.;;;;;;;;;;;x;;;;;;;;;;;;;;;;
gwar_we_win_large_title;$TAG_3_0_UPPER$ 항복!;$TAG_3_0_UPPER$ SURRENDERS!;;$TAG_3_0_UPPER$ GIBT AUF!;;;;;;;;;;;x;;;;;;;;;;;;;;;;
gwar_we_win_large_desc;$DATE_LONG_1$, $TAG_0_0$ 진영과 $TAG_1_0$ 진영 간의 세계대전이 영광스러운 승전으로 끝났습니다. $STRING_0_0$(으)로 알려진 해당 전쟁은 $DATE_SHORT_0$부터 $STRING_9_0$까지 지속됐으며, 결국 $STRINGS_LIST_4$(이)라는 결과를 낳았습니다.;On $DATE_LONG_1$ the Great War between $TAG_0_0$ and $TAG_1_0$ ended in our glorious victory. The war, known as $STRING_0_0$, raged from $DATE_SHORT_0$ over $STRING_9_0$, and in the end the result was $STRINGS_LIST_4$.;;Am $DATE_LONG_1$ endete der Gro쬦 Krieg zwischen $TAG_0_0$ und $TAG_1_0$ mit unserem glorreichen Sieg. Der Krieg, bekannt als $STRING_0_0$, w쬦ete von $DATE_SHORT_0$ 쬦er $STRING_9_0$, an dessen Ende das Ergebis feststand: $STRINGS_LIST_4$.;;;;;;;;;;;x;;;;;;;;;;;;;;;;
gwar_we_win_medium_title;휴전협정 조인!\n승전!;ARMISTICE SIGNED!\n VICTORY!;;WAFFENRUHE UNTERZEICHNET!\n SIEG!;;;;;;;;;;;x;;;;;;;;;;;;;;;;
gwar_we_win_medium_desc;$DATE_LONG_1$, $TAG_0_0$ 진영과 $TAG_1_0$ 진영 간의 세계대전이 영광스러운 승전으로 끝났습니다. $STRING_0_0$(으)로 알려진 해당 전쟁은 $DATE_SHORT_0$부터 $STRING_9_0$까지 지속됐습니다.;On $DATE_LONG_1$ the Great War between $TAG_0_0$ and $TAG_1_0$ ended in our glorious victory. The war, known as $STRING_0_0$, raged from $DATE_SHORT_0$ over $STRING_9_0$.;;Am $DATE_LONG_1$ endete der Gro쬦 Krieg zwischen $TAG_0_0$ und $TAG_1_0$ mit unserem glorreichen Sieg. Der Krieg, bekannt als $STRING_0_0$, w쬦ete von $DATE_SHORT_0$ 쬦er $STRING_9_0$.;;;;;;;;;;;x;;;;;;;;;;;;;;;;
gwar_we_win_small_title;대$TAG_3_0$전 승전!;Victory over $TAG_3_0$!;;Sieg 쬦er $TAG_3_0$!;;;;;;;;;;;x;;;;;;;;;;;;;;;;
gwar_we_win_small_desc;$STRING_0_0$이(가) $TAG_3_0$의 패전으로 끝났습니다.;$STRING_0_0$ has ended with the defeat of $TAG_3_0$.;;$STRING_0_0$ endete mit der Niederlage von $TAG_3_0$.;;;;;;;;;;;x;;;;;;;;;;;;;;;;
gwar_we_lose_large_title;수치스러운 날\n$TAG_2_0_UPPER$과(와)의 평화조약 조인!;A SHAMEFUL DAY.\nPEACE WITH $TAG_2_0_UPPER$ SIGNED!;;EIN TAG DER SCHANDE.\nFRIEDEN MIT $TAG_2_0_UPPER$ UNTERZEICHNET!;;;;;;;;;;;x;;;;;;;;;;;;;;;;
gwar_we_lose_large_desc;$DATE_LONG_1$, $TAG_2_0$과(와)의 세계대전이 수치스러운 패전으로 끝났습니다. $STRING_0_0$(으)로 알려진 해당 전쟁은 $DATE_SHORT_0$부터 $STRING_9_0$까지 지속됐으며, 결국 $STRINGS_LIST_4$(이)라는 결과를 낳았습니다.;On $DATE_LONG_1$ the Great war against $TAG_2_0$ ended in our shameful defeat. The war, known as $STRING_0_0$, raged from $DATE_SHORT_0$ over $STRING_9_0$, and in the end the result was $STRINGS_LIST_4$.;;Am $DATE_LONG_1$ endete der  Krieg gegen $TAG_2_0$ mit unserer sch쬦dlichen Niederlage. Der Krieg, $STRING_0_0$, w쬦ete von $DATE_SHORT_0$ 쬦er $STRING_9_0$ und am Ende stand $STRINGS_LIST_4$.;;;;;;;;;;;x;;;;;;;;;;;;;;;;
gwar_we_lose_medium_title;$TAG_2_0_UPPER$과(와)의 평화조약 조인!;PEACE WITH $TAG_2_0_UPPER$!;;FRIEDEN MIT $TAG_2_0_UPPER$!;;;;;;;;;;;x;;;;;;;;;;;;;;;;
gwar_we_lose_medium_desc;$DATE_LONG_1$, $TAG_0_0$ 진영과 $TAG_1_0$ 진영 간의 세계대전이 수치스러운 패전으로 끝났습니다. $STRING_0_0$(으)로 알려진 해당 전쟁은 $DATE_SHORT_0$부터 $STRING_9_0$까지 지속됐습니다.;On $DATE_LONG_1$ the Great War between $TAG_0_0$ and $TAG_1_0$ ended in our shameful defeat. The war, known as $STRING_0_0$, raged from $DATE_SHORT_0$ over $STRING_9_0$.;;Am $DATE_LONG_1$ endete der Krieg zwischen $TAG_0_0$ und $TAG_1_0$ mit unserem Sieg. Der Krieg, bekannt als $STRING_0_0$, w쬦ete von $DATE_SHORT_0$ 쬦er $STRING_9_0$.;;;;;;;;;;;x;;;;;;;;;;;;;;;;
gwar_we_lose_small_title;$TAG_2_0$과(와)의 평화;Peace with $TAG_2_0$;;Frieden mit $TAG_2_0$;;;;;;;;;;;x;;;;;;;;;;;;;;;;
gwar_we_lose_small_desc;$STRING_0_0$이(가) $TAG_2_0$의 승전으로 끝났습니다.;$STRING_0_0$ has ended with our defeat at the hands of $TAG_2_0$;;$STRING_0_0$ endete mit unserer Niederlage durch $TAG_2_0$;;;;;;;;;;;x;;;;;;;;;;;;;;;;
war_we_win_large_title;휴전협정 조인!\n승리!;ARMISTICE SIGNED!\n $TAG_3_0_UPPER$ SURRENDERS;;WAFFENRUHE!\n $TAG_3_0_UPPER$ GIBT AUF;;;;;;;;;;;x;;;;;;;;;;;;;;;;
war_we_win_large_desc;$DATE_LONG_1$, $TAG_0_0$과(와) $TAG_1_0$의 전쟁이 영광스러운 승리로 끝났습니다. $STRING_0_0$(으)로 알려진 이 전쟁은 $DATE_SHORT_0$~$STRING_9_0$ 동안 지속되었으며 $STRINGS_LIST_4$의 결과를 낳았습니다.;On $DATE_LONG_1$ the War between $TAG_0_0$ and $TAG_1_0$ ended in our glorious victory. The war, known as $STRING_0_0$, raged from $DATE_SHORT_0$ over $STRING_9_0$, and in the end the result was $STRINGS_LIST_4$.;;Am $DATE_LONG_1$ endete der Krieg zwischen $TAG_0_0$ und $TAG_1_0$ mit unserem glorreichen Sieg. $STRING_0_0$ w쬦ete von $DATE_SHORT_0$ 쬦er $STRING_9_0$, das Ende war $STRINGS_LIST_4$.;;;;;;;;;;;x;;;;;;;;;;;;;;;;
war_we_win_medium_title;휴전협정 조인!\n승리!;ARMISTICE SIGNED!\n VICTORY!;;WAFFENRUHE!\n SIEG!;;;;;;;;;;;x;;;;;;;;;;;;;;;;
war_we_win_medium_desc;$DATE_LONG_1$, $TAG_0_0$과(와) $TAG_1_0$의 전쟁이 영광스러운 승리로 끝났습니다. $STRING_0_0$(으)로 알려진 이 전쟁은 $DATE_SHORT_0$~$STRING_9_0$ 동안 지속되었습니다.;On $DATE_LONG_1$ the War between $TAG_0_0$ and $TAG_1_0$ ended in our glorious victory. The war, known as $STRING_0_0$, raged from $DATE_SHORT_0$ over $STRING_9_0$.;;Am $DATE_LONG_1$ endete der Krieg zwischen $TAG_0_0$ und $TAG_1_0$ mit unserem Sieg. $STRING_0_0$ ging von $DATE_SHORT_0$ 쬦er $STRING_9_0$ und am Ende stand $STRINGS_LIST_4$.;;;;;;;;;;;x;;;;;;;;;;;;;;;;
war_we_win_small_title;$TAG_3_0$!에게 승리!;Victory over $TAG_3_0$!;;Sieg gegen $TAG_3_0$!;;;;;;;;;;;x;;;;;;;;;;;;;;;;
war_we_win_small_desc;$STRING_0_0$이(가) 우리나라의 승리로 끝났습니다.;$STRING_0_0$ has ended with the defeat of $TAG_3_0$.;;$STRING_0_0$ endete mit der Niederlage von $TAG_3_0$.;;;;;;;;;;;x;;;;;;;;;;;;;;;;
war_we_lose_large_title;수치스러운 날\n$TAG_2_0_UPPER$과(와)의 평화조약 조인!;A SHAMEFUL DAY.\nPEACE WITH $TAG_2_0_UPPER$ SIGNED!;;SCHANDE.\nFRIEDEN MIT $TAG_2_0_UPPER$ SPRUCHREIF!;;;;;;;;;;;x;;;;;;;;;;;;;;;;
war_we_lose_large_desc;$DATE_Long_1$, $TAG_2_0$과(와)의 전쟁이 부끄러운 패배로 끝났습니다. $STRING_0_0$로 알려진 이 전쟁은 $DATE_SHORT_0$~$STRING_9_0$ 동안 지속되었으며, 그 결과는 $STRINGS_LIST_4$입니다.;On $DATE_LONG_1$ the war against $TAG_2_0$ ended in our shameful defeat. The war, known as $STRING_0_0$, raged from $DATE_SHORT_0$ over $STRING_9_0$, and in the end the result was $STRINGS_LIST_4$.;;Am $DATE_LONG_1$ endete der Krieg mit $TAG_2_0$ in sch쬦licher Niederlage. $STRING_0_0$ w쬦ete seit $DATE_SHORT_0$ 쬦er $STRING_9_0$, das Ergebnis war $STRINGS_LIST_4$.;;;;;;;;;;;x;;;;;;;;;;;;;;;;
war_we_lose_medium_title;수치스러운 평화조약!;SHAMEFUL PEACE SIGNED!;;FRIEDEN UNTERZEICHNET!;;;;;;;;;;;x;;;;;;;;;;;;;;;;
war_we_lose_medium_desc;$DATE_Long_1$, $TAG_2_0$과(와)의 전쟁이 부끄러운 패배로 끝났습니다. $STRING_0_0$로 알려진 이 전쟁은 $DATE_SHORT_0$~$STRING_9_0$ 동안 지속되었으며, $TAG_2_0$의 승리로 끝났습니다.;On $DATE_LONG_1$, the War between $TAG_0_0$ and $TAG_1_0$ ended in our shameful defeat. The war, known as $STRING_0_0$, raged from $DATE_SHORT_0$ over $STRING_9_0$, and in the end $TAG_2_0$ was the victor.;;Am $DATE_LONG_1$ endete der Gro쬦 Krieg zwischen $TAG_0_0$ und $TAG_1_0$ siegreich f쬦 uns. Der als $STRING_0_0$ bekannte Krieg dauerte seit $DATE_SHORT_0$ 쬦er $STRING_9_0$ an und endete mit $TAG_2_0$ als Sieger.;;;;;;;;;;;x;;;;;;;;;;;;;;;;
war_we_lose_small_title;$TAG_2_0$과(와)의 평화;Peace with $TAG_2_0$;;Frieden mit $TAG_2_0$;;;;;;;;;;;x;;;;;;;;;;;;;;;;
war_we_lose_small_desc;$STRING_0_0$이(가) $TAG_2_0$의 승리로 끝났습니다.;$STRING_0_0$ has ended with our defeat at the hands of $TAG_2_0$;;$STRING_0_0$ endete mit unserer Niederlage durch $TAG_2_0$;;;;;;;;;;;x;;;;;;;;;;;;;;;;
rebels_win_small_title;혁명!;Revolution!;;;;;;;;;;;;x;
rebels_win_small_desc;$STRING_0_0$이(가) $TAG_0_0$ 정부군을 격퇴하고 국가를 전복했습니다. $STRING_0_3$, $STRING_0_4$ 측은 어떻게 대응할까?;$STRING_0_0$ have defeated $TAG_0_0$ and broken the country, what will the $STRING_0_3$ $STRING_0_4$ do now?;;;;;;;;;;;;x;
KEYNAME;TEXT;TEXT;;;;;;;;;;;;x;
some_fake_1836_title_1;아편 갱신!;Opiate update!;;Neues vom Opium!;;;;;;;;;;;x;;;;;;;;;;;;;;;;
some_fake_1836_1;아편 열풍이 중국을 휩쓸자, 무역상들은 여정이 길지만 여행할 가치가 있다고 말합니다.;Opium craze sweeps China, traders state it long journey, but worth the trip.;;Opiumwelle in China, H쬦dler sagen, die weite Reise lohnt sich.;;;;;;;;;;;x;;;;;;;;;;;;;;;;
some_fake_1836_title_2;에테르 열풍;Ether craze;;훦her-Wahnsinn;;;;;;;;;;;x;;;;;;;;;;;;;;;;
some_fake_1836_2;에테르 희극의 인기가 높아지면서, 전문가들은 에테르의 정체가 기체라 주장합니다!;Popularity of ether frolics on the rise, pundits claim 밒t뭩 a gas!쬦;;훦her immer popul쬦er, Experten behaupten: 밇s ist ein Gas!쬦;;;;;;;;;;x;;;;;;;;;;;;;;;;
some_fake_1836_title_3;달콤한 꿈;Sweet Dreams;;S廻e Tr쬦me;;;;;;;;;;;x;;;;;;;;;;;;;;;;
some_fake_1836_3;일반적인 마취제를 수술에 처음 사용하는 미국의 외과의사가 종양 제거를 위해 환자를 재웠습니다.;First use of general anaesthesia in an operation, surgeon in USA puts patient to sleep for tumour removal.;;Erster Einsatz von An쬦thesie bei Operation, Arzt in den USA l癌t Patienten Tumor-Entfernung verschlafen.;;;;;;;;;;;x;;;;;;;;;;;;;;;;
some_fake_1836_title_4;음어;Code words;;Codew쬦ter;;;;;;;;;;;x;;;;;;;;;;;;;;;;
some_fake_1836_4;미국 새뮤얼 모스가 보낸 세계 최초의 전보입니다.;World first electrical telegraph message sent in USA by Samuel Morse in the USA.;;Erste elektr. telegrafische Nachricht der Welt von Samuel Morse in den USA gesendet.;;;;;;;;;;;x;;;;;;;;;;;;;;;;
some_fake_1836_title_5;우표 수집가들의 환호!;Philatelists rejoice!;;Philatelisten jauchzet!;;;;;;;;;;;x;;;;;;;;;;;;;;;;
some_fake_1836_5;세계 최초의 우표인 영국의 페니 블랙에는 젊은 빅토리아 여왕이 그려져 있습니다.;Postage stamp introduced in the United kingdom, known as 밣enny Black쬦it features a picture of the young Queen, Victoria.;;"Neue Briefmarke ""Penny Black"", mit dem Antlitz der jungen K쬦igin Victoria im Vereinigten K쬦igreich im Umlauf.";;;;;;;;;;;x;;;;;;;;;;;;;;;;
some_fake_1836_title_6;당장 나가!;Out now!;;Jetzt neu!;;;;;;;;;;;x;;;;;;;;;;;;;;;;
some_fake_1836_6;러시아에서 풀려난 영혼을 읽고 비평가들은 그것이 너무 어렵다고 주장합니다.;밆ead souls쬦released in Russia, critics claim it is too difficult.;;밆ie Seelen der Toten쬦aus Russland, Kritiker: zu kompliziert.;;;;;;;;;;;x;;;;;;;;;;;;;;;;
some_fake_1836_title_7;목관쬦 금관쬦;Woodwind or Brass쬦;;Holzbl쬦er oder Blech쬦;;;;;;;;;;;x;;;;;;;;;;;;;;;;
some_fake_1836_title_8;골드러시!;Gold rush!;;Goldrausch!;;;;;;;;;;;x;;;;;;;;;;;;;;;;
some_fake_1836_8;캘리포니아에서 금이 발견되면서 많은 사람들이 몰려들었습니다!;Gold discovered in California, massive rush of prospectors to the area!;;Gold in Kalifornien entdeckt, Goldsucher 쬦errennen das Land!;;;;;;;;;;;x;;;;;;;;;;;;;;;;
some_fake_1836_title_9;'까마귀' 출간;The Raven' published;;밆er Rabe쬦ver쬦fentlicht;;;;;;;;;;;x;;;;;;;;;;;;;;;;
some_fake_1836_9;한 작가의 최근 단편소설은 암울한 역작이며, 틀림없이 여러분의 목덜미에 있는 털을 치켜세울 것입니다.;A grim tour-de-force, Poe뭩 latest short story is sure to raise the hairs on the back of your neck.;;Eine d쬦tere Glanzleistung, Poes neueste Kurzgeschichte sorgt f쬦 G쬦sehaut.;;;;;;;;;;;x;;;;;;;;;;;;;;;;
some_fake_1836_title_10;풍성한 여성상;The bountiful female form;;Die 쬦pige Form der Frau;;;;;;;;;;;x;;;;;;;;;;;;;;;;
some_fake_1836_10;(판독자 재량권 권고) 여성의 허리와 엉덩이 크기가 각각 사상 최소 및 최대치입니다. 5쪽에 계속됩니다.;(reader discretion is advised) Female waist and hip sizes are apparently at an all-time minimum and maximum respectively. Continued on page 5;;(Explizite Inhalte) Weibliche Taillen und H쬦tgr秤en scheinbar so schmal und auch breit wie nie zuvor. Mehr auf Seite 5;;;;;;;;;;;x;;;;;;;;;;;;;;;;
some_fake_1836_title_11;사설;Editorial;;Redaktionelles;;;;;;;;;;;x;;;;;;;;;;;;;;;;
some_fake_1836_11;자유주의는 서구 문명을 파괴할 것이다. 강력한 정부가 없으면 사람들은 굶주리고 야만으로 돌아가 살아가면서 자식들을 먹여살릴 것이다.(10쪽 참조);This liberalism will destroy the western civilisation. Without strong government, people are going to starve and revert to barbarism to survive and feed their children. (see pg. 10);;Liberalismus zerst쬦t westliche Zivilisation (mehr auf Seite 10)쬦;;;;;;;;;;x;;;;;;;;;;;;;;;;
some_fake_1850_title_1;우리의 선조쬦;Our ancestors쬦;;Unsere Vorfahren쬦;;;;;;;;;;;x;;;;;;;;;;;;;;;;
some_fake_1850_1;과학자들은 독일에서의 네안데르탈인의 화석 발견에 놀랐습니다.;Scientists amazed by "Neanderthal man" fossil discovery in Germany.;;Forscher begeistert in Deutschland entdecktem Neandertaler-Fossil.;;;;;;;;;;;x;;;;;;;;;;;;;;;;
some_fake_1850_title_2;사설:;Editorial:;;Redaktionelles:;;;;;;;;;;;x;;;;;;;;;;;;;;;;
some_fake_1850_2;동물성 지방은 탄약통에 기름을 바르는 데 완벽한 물질이라는 것이 당사 신문의 확실한 견해이다. 이 흔들림 없는 결론에 도달한 방법을 뒤에서 확인해본다(10쪽 참조).;It is the assured opinion of this newspaper that animal-fat is the perfect substance for greasing bullet-cartridges. See how we reached this unshakable conclusion inside (see pg 10);;Tierfette perfekt f쬦 das Einfetten von Patronenh쬦sen (siehe Seite 10)쬦;;;;;;;;;;x;;;;;;;;;;;;;;;;
some_fake_1850_title_3;쇠퇴하는 운하;Canals in decline;;Kan쬦e zerfallen;;;;;;;;;;;x;;;;;;;;;;;;;;;;
some_fake_1850_3;한때 자랑스러웠던 우리나라의 운하 체계가 급격히 쇠퇴하고 있는 것으로 보입니다. 어떠한 대책을 강구할 수 있을까요? 4쪽에서 계속됩니다.;The once-proud canal system of our nation is seen to be in precipitous decline. What can be done쬦 Continued on page 4;;Einstmals stolzes Kanalsystem unserer Nation zerf쬦lt rapide. Was kann man tun쬦 Weiter auf Seite 4;;;;;;;;;;;x;;;;;;;;;;;;;;;;
some_fake_1860_title_1;링컨 암살;Lincoln assassinated;;Anschlag auf Lincoln;;;;;;;;;;;x;;;;;;;;;;;;;;;;
some_fake_1860_1;에이브러햄 링컨 미합중국 대통령이 포드 극장에서 존 윌크스 부스에게 가까운 거리에서 총에 맞아 사망했습니다.;Abraham Lincoln assassinated in Ford뭩 theatre by John Wilkes Booth, shot dead at close range.;;Abraham Lincoln in Ford's Theatre von John Wilkes Booth ermordet, Todesschuss aus kurzer Distanz.;;;;;;;;;;;x;;;;;;;;;;;;;;;;
some_fake_1860_title_2;링컨 암살미수;Lincoln fine;;Lincoln wohlauf;;;;;;;;;;;x;;;;;;;;;;;;;;;;
some_fake_1860_2;존 윌크스 부스의 애이브러햄 링컨 암살 시도가 실패했으며, 링컨은 포드극장 발코니에서 가해자를 집어던졌습니다.;Failed assassination attempt of Abraham Lincoln by John Wilkes Booth, President throws assailant from balcony of Ford theatre.;;Attentat auf Abraham Lincoln durch John Wilkes Booth fehlgeschlagen, Pr쬦ident st秤t Attent쬦er vom Balkon im Ford's Theatre.;;;;;;;;;;;x;;;;;;;;;;;;;;;;
some_fake_1860_title_3;정정당당하지 못하다;Unsporting;;Unsportlich;;;;;;;;;;;x;;;;;;;;;;;;;;;;
some_fake_1860_3;군용 잠수함이 발명됐지만 전 세계적적으로 불공정하다는 여론이 일면서 영원히 금지됐습니다.;Military Submarine invented, globally agreed to be 뱔nfair쬦and banned for all time.;;"Milit쬦isches U-Boot erfunden, weltweit als 뱔nfair"" eingestuft und f쬦 alle Zeiten verboten.";;;;;;;;;;;x;;;;;;;;;;;;;;;;
some_fake_1860_title_4;보건복지;Healthcare;;Gesundheitswesen;;;;;;;;;;;x;;;;;;;;;;;;;;;;
some_fake_1860_4;플로렌스 나이팅게일이 런던 세인트 토마스 병원에 간호사를 위한 학교를 설립했습니다.;Florence Nightingale founds school for nurses in St Thomas' Hospital, London.;;Florence Nightingale gr쬦det Schwesternschule am St Thomas' Hospital, London.;;;;;;;;;;;x;;;;;;;;;;;;;;;;
some_fake_1860_title_5;원소 조직화;Elements organised;;Elemente geordnet;;;;;;;;;;;x;;;;;;;;;;;;;;;;
some_fake_1860_5;드미트리 멘델레예프가 56개의 알려진 요소를 모두 나열한 주기율표를 제출했습니다.;Dmitri Mendeleev invents periodic table, listing all 56 known elements.;;Dmitri Mendeleev erfindet Periodensystem, alle 56 Elemente aufgelistet.;;;;;;;;;;;x;;;;;;;;;;;;;;;;
some_fake_1860_title_6;유행 확산;Cycle fad spreads;;Rad-Trend nimmt zu;;;;;;;;;;;x;;;;;;;;;;;;;;;;
some_fake_1860_6;자전거 열풍이 서구세계를 휩쓸고 있습니다. 자전거쯤은 하나 가져야죠!;Bicycle craze sweeps western world, Velocipedes are must haves!;;Zweirad-Wahn erfasst westl. Welt, Stahlr쬦ser sind ein Muss!;;;;;;;;;;;x;;;;;;;;;;;;;;;;
some_fake_1860_title_7;솜브레로 폭 사상 최고;Sombrero width at an all-time high;;Sombreros breit wie nie;;;;;;;;;;;x;;;;;;;;;;;;;;;;
some_fake_1860_7;멕시코에서 노상강도의 평균 솜브레로(폭이 넓은 멕시코 모자)의 폭이 57인치로 놀라울 정도로 높아졌다는 소식입니다.;It is reported that the width of an average bandito뭩 sombrero has risen to an astounding 57 inches in Mexico.;;Laut Meldungen ist die durchschnittl. Sombrero-Breite von Banditen in Mexiko auf unglaubliche 56 Zoll angewachsen.;;;;;;;;;;;x;;;;;;;;;;;;;;;;
some_fake_1860_title_8;소방서 설립;Fire-brigade' established;;Brandwache eingerichtet;;;;;;;;;;;x;;;;;;;;;;;;;;;;
some_fake_1860_8;새롭고 좋습니다.;They're new, but they're good. ;;Neu und unglaublich gut.;;;;;;;;;;;x;;;;;;;;;;;;;;;;
some_fake_1860_title_9;축구 대중화;Football gains popularity;;Fu쬦all immer beliebter;;;;;;;;;;;x;;;;;;;;;;;;;;;;
some_fake_1860_9;최근 축구 경기 관람객이 증가했습니다. 이 광경은 노동자나 하류층 구성원 사이에서 특히 인기있는 것으로 나타났습니다.;Attendances at association football matches have risen recently, with the spectacle proving especially popular amongst members of the labouring and destitute classes. ;;Besucherzahlen im Vereins-Fu쬦allsport wachsen, Spektakel besonders beliebt bei Arbeitern und Erwerbslosen.;;;;;;;;;;;x;;;;;;;;;;;;;;;;
some_fake_1860_title_10;사설;Editorial:;;Redaktionelles:;;;;;;;;;;;x;;;;;;;;;;;;;;;;
some_fake_1860_10;자전거를 탄 여성분을 주의하라. 기계에 올라탄 여성들이 페티코트들을 산들바람에 부주의하게 펄럭이면서 모든 사람들이 볼 수 있도록 발목을 노출하면 남성을 정신나간 광란에 빠뜨릴 것이다(10쪽);Beware the female bicycleatrix. Women astride machines, petticoats fluttering carelessly in the breeze, ankles exposed for all to see, will send men into a deranged frenzy ( pg. 10);;Vorsicht vor weiblicher Rad-Amazone (mehr auf Seite 10);;;;;;;;;;;x;;;;;;;;;;;;;;;;
some_fake_1860_title_11;빛을 찾은 폼페이와 헤르쿨라네움;Pompeii and Herculaneum back to light;;Pompeji und Herculaneum offengelegt;;;;;;;;;;;x;;;;;;;;;;;;;;;;
some_fake_1860_11;새로운 발굴법은 AD 79년 베수비오화산의 폭발로 인해 파괴된 도시들을 세상에 돌려놓습니다.;New methods of excavation return to the world the cities destroyed by Vesuvius in 79 AD.;;Neue Ausgrabungsmethoden bringen die 79 AD vom Vesuv zerst쬦ten St쬦te der Welt zur쬦k.;;;;;;;;;;;x;;;;;;;;;;;;;;;;
some_fake_1870_title_1;사설:;Editorial:;;Redaktionelles:;;;;;;;;;;;x;;;;;;;;;;;;;;;;
some_fake_1870_1;후진적인 아프리카인들은 우리의 자애로운 지배를 갈망한다. 아일랜드인들이 친절하게 영국의 지배를 환영하는 만큼이나 흑인들도 백인들의 지배를 갈망한다.(10쪽);The backward African peoples long for our benevolent governance. Much as the Irish graciously welcomed British overlordship, the black race crave the guiding hand of whites (pg. 10);;R쬦kst쬦dige V쬦ker Afrikas ersehnen unsere g쬦ige F쬦rung (mehr auf Seite 10);;;;;;;;;;;x;;;;;;;;;;;;;;;;
some_fake_1870_title_2;문학:;Literature:;;Literatur:;;;;;;;;;;;x;;;;;;;;;;;;;;;;
some_fake_1870_2;80일 만에 전 세계를 돌며 독자분들의 즐거움과 교육을 검토했습니다.;Around the World in 80 days, reviewed for the reader's pleasure and education.;;Um die Welt in 80 Tagen, f쬦 Lesespa쬦und Bildung unserer Leser rezensiert.;;;;;;;;;;;x;;;;;;;;;;;;;;;;
some_fake_1870_title_3;코르셋으로 인한 실신;Corset-related fainting;;Ohnmacht durch Korsett;;;;;;;;;;;x;;;;;;;;;;;;;;;;
some_fake_1870_3;역대 최고치입니다! 그러나 또 다시 휴양시설, 병원, 그리고 의장석에는 코르셋을 과도하게 조인 희생자들이 넘쳐나고 있습니다.;Is at an all-time high! Yet again our nation spas, hospitals and chaise-longues are inundated with victims of corset overtightening.;;Rekordzahlen! Erneut werden die B쬦er, Hospit쬦e und Chaiselongues von Opfern zu eng geschn쬦ter Korsetts 쬦errannt.;;;;;;;;;;;x;;;;;;;;;;;;;;;;
some_fake_1880_title_1;비행 성공!;Airborn Success!;;Erfolge der Luftfahrt!;;;;;;;;;;;x;;;;;;;;;;;;;;;;
some_fake_1880_1;프랑스 군용 비행선인 '라 프랑스'는 성공적인 왕복여행을 위한 첫 동력비행선입니다.;La France, a French military airship, becomes first powered airship to make a successful round trip.;;"Franz. Milit쬦-Luftschiff ""La France"" erstes Luftschiff mit Motorantrieb auf erfolgreicher Rundfahrt.";;;;;;;;;;;x;;;;;;;;;;;;;;;;
some_fake_1880_title_2;고층건물들;High-rise Buildings;;Hochh쬦ser;;;;;;;;;;;x;;;;;;;;;;;;;;;;
some_fake_1880_2;미국에서 거대한 철근 건물들에 둘러싸인 마천루가 세워졌습니다.;밪ky-Scrapers쬦built in America, these massive steel-framed buildings tower over their surroundings.;;밪ky-Scraper쬦in Amerika, massive stahl-ummantelte Hochh쬦ser 쬦erragen ihre Umgebung.;;;;;;;;;;;x;;;;;;;;;;;;;;;;
some_fake_1880_title_3;박하술 저장!;Mint juleps saved!;;Mint Julep gerettet!;;;;;;;;;;;x;;;;;;;;;;;;;;;;
some_fake_1880_3;미국의 마빈 C. 스톤이 음주용 빨대를 발명했습니다.;Marvin C. Stone, in the USA, invents the 봡rinking straw쬦;;Marvin C. Stone, USA, erfindet den 밪trohhalm쬦;;;;;;;;;;;x;;;;;;;;;;;;;;;;
some_fake_1880_title_4;잘못될 수 없다;Nothing can go wrong here;;Da kann nichts schiefgehen;;;;;;;;;;;x;;;;;;;;;;;;;;;;
some_fake_1880_4;미국에서 모르핀 중독 치료제가 발견됐습니다. 바로 코카와인입니다!;Cure for morphine addiction discovered in USA: Coca-wine!;;Heilung f쬦 Morphium-Sucht in USA entdeckt: Koka-Wein!;;;;;;;;;;;x;;;;;;;;;;;;;;;;
some_fake_1880_title_5;비스마르크 사임;Bismarck resigns;;Bismarck tritt zur쬦k;;;;;;;;;;;x;;;;;;;;;;;;;;;;
some_fake_1880_5;비스마르크가 독일 총리직에서 사임했습니다. 독일이라는 배는 조종사를 잃은 격입니다.;Bismarck resigns as Chancellor of Germany, ship of state loses her pilot.;;Bismarck tritt als Kanzler Deutschlands zur쬦k, Schiff des Staates ohne Kapit쬦.;;;;;;;;;;;x;;;;;;;;;;;;;;;;
some_fake_1880_title_6;사설:;Editorial:;;Redaktionelles:;;;;;;;;;;;x;;;;;;;;;;;;;;;;
some_fake_1880_6;사회주의는 서구 문명을 파괴할 것이다. 왜냐면, 사회주의는 노동계급에게 힘을 실어주고, 그들이 부자들만큼 훌륭하고 가치있다고 믿게 만들 것이기 때문이다.(10쪽);This socialism will destroy western civilisation. Why, it will empower the working classes, allowing them to believe they are as good and worthy as the rich. Pish & fipsy! (pg 10) ;;Sozialismus wird westliche Zivilisation zerst쬦en (mehr auf Seite 10);;;;;;;;;;;x;;;;;;;;;;;;;;;;
some_fake_1880_title_7;미국 정부는 행동에 나서야 하는가?;Should the American government act쬦;;Sollte die Regierung Amerikas handeln쬦;;;;;;;;;;;x;;;;;;;;;;;;;;;;
some_fake_1880_7;흑인에 대한 린치는 미국의 심장부에서도 흔한 일이 됐습니다. 이 출판물의 편집위원회는 다음과 같이 묻습니다. '이 관행을 멈추기 위해 국가가 개입해야 합니까쬦';Lynchings of members of the negro race have become commonplace across the heartlands of America. The editorial board of this publication asks: Should the state intervene to stop this practise쬦 ;;Lynchmorde unter den Schwarzen nehmen in den mittleren Staaten Amerikas zu. Wir stellen die Frage: Sollte der Staat eingreifen und dem ein Ende setzen쬦;;;;;;;;;;;x;;;;;;;;;;;;;;;;
some_fake_1890_title_1;이륙!;Lift off!;;Abheben!;;;;;;;;;;;x;;;;;;;;;;;;;;;;
some_fake_1890_1;공기부양정보다 무거운 증기력을 가진 아델 어올이 파리 근교에서 짧은 비행을 했습니다.;The Ader Eole, a steam powered heavier than air craft, makes a short powered flight near Paris.;;Die Ader Eole, ein dampfgetriebenes Gef쬦rt schwerer als Luft, absolviert kurzen Flug nahe Paris.;;;;;;;;;;;x;;;;;;;;;;;;;;;;
some_fake_1890_title_2;성공적인 비행!;Successful Flight!;;Erfolgreicher Flug!;;;;;;;;;;;x;;;;;;;;;;;;;;;;
some_fake_1890_2;더비처 글라이더는 브란덴부르크의 더비츠 근처에서 약 80피트의 비행 거리를 포함하는 세계에서 최초의 성공적인 유인 항공기가 됐습니다.;Derwitzer Glider becomes the first successful manned aircraft in the world, covering flight distances of up to about 80 feet near Derwitz in Brandenburg.;;Derwitzer Glider wird erstes erfolgreiches, bemanntes Flugger쬦 der Welt und 쬦erwindet bis zu 80 Fu쬦Distanz bei Derwitz in Brandenburg.;;;;;;;;;;;x;;;;;;;;;;;;;;;;
some_fake_1890_title_3;감동적인 사진!;Moving Pictures!;;Bewegte Bilder!;;;;;;;;;;;x;;;;;;;;;;;;;;;;
some_fake_1890_3;키네토스코프는 브루클린 예술과학연구소에서 감동적인 사진을 전시해 시청자들을 놀라게 했습니다.;The Kinetoscope astounds viewers by displaying moving pictures at the Brooklyn Institute of Arts and Sciences.;;Kinetoskop beeindruckt Publikum im Brooklyn Insitute of Arts and Sciences mit bewegten Bildern.;;;;;;;;;;;x;;;;;;;;;;;;;;;;
some_fake_1890_title_4;만세! 즐거운 90년대;Hurrah! Tis the gay 90s;;Hurra! Hier sind die wilden 90er;;;;;;;;;;;x;;;;;;;;;;;;;;;;
some_fake_1890_4;지금보다 더 즐거운 시절은 분명 없었고 앞으로도 없을 것입니다. 편집 위원회는 정중하게 '즐거운 90년대'라는 문구가 우리의 일상적인 담론의 어휘에 포함되어야 한다고 제안했습니다.;As a gayer time than now has surely never been and never again will be, the editorial board respectfully suggests that the phrase 몋he gay 90s쬦should make its way into the lexicon of our daily discourse.;;Eine wildere Zeit als diese hat es noch nie gegeben und wird es wohl nie wieder geben. Wir schlagen daher vor, den Begriff 밆ie Wilden 90er쬦ins Lexikon aufzunehmen.;;;;;;;;;;;x;;;;;;;;;;;;;;;;
some_fake_1890_title_5;언제쯤 인간이 치솟을까?;Could man one day soar쬦;;Kann der Mensch eines Tages fliegen쬦;;;;;;;;;;;x;;;;;;;;;;;;;;;;
some_fake_1890_5;우리 나라 전역에서 몽상가들은 인간이 언젠가는 기계적 장치를 이용해 천국으로 갈 수 있을 것이라고 추측하고 있습니다.;Across our nation, dreamers are speculating that man could one day take to the heavens using mechanical contraptions.;;Landesweit hoffen Tr쬦mer, dass der Mensch eines Tages mithilfe mechanischer Ger쬦e den Himmel erobern wird.;;;;;;;;;;;x;;;;;;;;;;;;;;;;
some_fake_1890_title_6;사설:;Editorial:;;Redaktionelles:;;;;;;;;;;;x;;;;;;;;;;;;;;;;
some_fake_1890_6;만약 그가 인간이 날기를 바랐다면, 그는 우리에게 날개를 달았을 것입니다 - 이 신문의 주요 주주이자 선장이 쓴 객원 논평.;If He had wished man to fly, He would have granted us wings - a guest commentary written by the ship magnate and major shareholder of this newspaper Charles O'Ligarch. (see pg. 10);;Wenn Gott wollte, das wir fliegen, h쬦te er uns Fl쬦el gegeben (mehr auf Seite 10);;;;;;;;;;;x;;;;;;;;;;;;;;;;
some_fake_1890_title_7;화석의 오류;Wrong End Foremost;;Falsches Ende gibt Ton an;;;;;;;;;;;x;;;;;;;;;;;;;;;;
some_fake_1890_7;코프 교수가 조립한 것으로 유명한 엘라스모사우루스의 머리뼈가 사실 꼬리뼈라는 사실을 고생물학자 O.c. 마쉬가 밝혔습니다.;Reputed paleontologist O.;c Marsh revealed today that the famed Elasmosaurus assembled by Professor Cope has in fact its head attached to its tail end. The professor was not available for comment.;;Angesehener Pal쬦ntologe O.;c. Marsh enh쬦lt, dass der von Professor Cope zusammengesetzte Elasmosaurus seinen Kopf am Schwanz befestigt hat. Cope war nicht f쬦 einen Kommentar zu erreichen.;;;;;;;;;;;x;;;;;;;;;;;;;;;;
some_fake_1900_title_1;공기보다 가벼움;Lighter than air;;Leichter als Luft;;;;;;;;;;;x;;;;;;;;;;;;;;;;
some_fake_1900_1;체펠린 비행선을 이용한 첫 비행은 독일 프리드리히샤펜 근처의 콘스탄스 호수 상공에서 일어났습니다.;The first zeppelin flight occurs over Lake Constance near Friedrichshafen, Germany.;;Der erste Zeppelinflug  쬦er dem Bodensee in Deutschland, nahe Friedrichshafen.;;;;;;;;;;;x;;;;;;;;;;;;;;;;
some_fake_1900_title_2;재앙!;Disaster!;;Desaster!;;;;;;;;;;;x;;;;;;;;;;;;;;;;
some_fake_1900_2;강력한 허리케인이 미국 텍사스주 갤버스턴을 강타해 8천여 명이 숨졌습니다.;A powerful hurricane has hit Galveston, Texas, USA killing around 8,000 people.;;Zerst쬦erischer Orkan trifft Galveston, Texas, USA und t쬦et 8.000 Menschen.;;;;;;;;;;;x;;;;;;;;;;;;;;;;
some_fake_1900_title_3;재앙!;Disaster!;;Desaster!;;;;;;;;;;;x;;;;;;;;;;;;;;;;
some_fake_1900_3;마르티니크에서 펠리 산이 폭발해 생피에르 마을이 파괴되고 3만 명 이상이 목숨을 잃었습니다.;In Martinique, Mount Pel쬦 has erupted, destroying the town of Saint-Pierre and killing over 30,000.;;Mount Pel쬦 in Martinique ausgebrochen, Stadt Saint-Pierre vollst쬦dig zerst쬦t, 쬦er 30.000 Tote.;;;;;;;;;;;x;;;;;;;;;;;;;;;;
some_fake_1900_title_4;재앙!;Disaster!;;Desaster!;;;;;;;;;;;x;;;;;;;;;;;;;;;;
some_fake_1900_4;베수비우스 화산이 폭발해 나폴리를 초토화시켰습니다.;;Mount Vesuvius has erupted, devastating Naples.;;Der Vesuv ist ausgebrochen, Neapel in Schutt und Asche.;;;;;;;;;;;x;;;;;;;;;;;;;;;;
some_fake_1900_title_6;재앙!;Disaster!;;Desaster!;;;;;;;;;;;x;;;;;;;;;;;;;;;;
some_fake_1900_6;지진과 쓰나미가 시칠리아에 있는 메시나와 칼라브리아를 강타해 7만 명 이상의 사망자를 냈습니다.;An earthquake and tsunami has hit  Messina and Calabria, in Sicily, killing over 70,000 people.;;Erdbeben und Tsunami treffen Messina unnd Kalabrien in Sizilien, mehr als 70.000 tot.;;;;;;;;;;;x;;;;;;;;;;;;;;;;
some_fake_1900_title_7;사기꾼!;The Captain of K쬦enick;;Der Hauptmann von K쬦enick;;;;;;;;;;;x;;;;;;;;;;;;;;;;
some_fake_1900_7;독일군 장교로 가장한 사기꾼이 베를린에서 군인들을 속여 보물 4천여 점을 훔쳤습니다.;An impostor masquerading as a German military officer managed to fool soldiers in Berlin and steal over 4000 marks due to so-called suspicions of crooked bookkeeping. He gave a receipt. ;;Hochstapler gibt sich als deutscher Milit쬦offizier aus, trickst Soldaten in Berlin aus und stiehlt mehr als 4000 Mark wegen angeblich falscher Buchf쬦rung. Er gab eine Quittung.;;;;;;;;;;;x;;;;;;;;;;;;;;;;
some_fake_1910_title_1;재앙!;Disaster!;;Desaster!;;;;;;;;;;;x;;;;;;;;;;;;;;;;
some_fake_1910_1;역사상 가장 큰 배인 타이타닉호는 첫 항해 중 북대서양에서 빙산과 충돌한 후 침몰했고, 1,500명 이상의 사람들이 그 재난으로 사망한 것으로 여겨지고 있습니다.;The RMS Titanic, the largest ship ever built, has sunk after striking an iceberg in the North Atlantic during her maiden voyage, over 1,500 people are believed to have perished in the disaster.;;RMS Titanic, gr秤tes jemals gebautes Schiff, nach Zusammensto쬦mit Eisberg auf ihrer Jungfernfahrt im Nord-Atlantik gesunken. Mehr als 1.500 Tote erwartet.;;;;;;;;;;;x;;;;;;;;;;;;;;;;
some_fake_1910_title_2;재앙!;Disaster!;;Desaster!;;;;;;;;;;;x;;;;;;;;;;;;;;;;
some_fake_1910_2;북해 폭풍이 네덜란드를 강타해 저지대가 침수됐습니다. 만 명의 사람들이 죽었다고 합니다.;North Sea storm hits the Netherlands, flooding the lowlands. 10,000 people believed dead.;;Sturm 쬦er der Nordsee setzt Holland unter Wasser, 10.000 Tote erwartet.;;;;;;;;;;;x;;;;;;;;;;;;;;;;
some_fake_1910_title_3;발견!;Discovery!;;Entdeckung!;;;;;;;;;;;x;;;;;;;;;;;;;;;;
some_fake_1910_3;히람 빙햄이 알려지지 않았던 잉카의 도시 마추픽추를 발견했습니다.;Hiram Bingham rediscovers Machu Picchu, a previously unknown Incan city.;;Hiram Bingham entdeckt Machu Pichu wieder, eine vormals unbekannte Inka-Stadt.;;;;;;;;;;;x;;;;;;;;;;;;;;;;
some_fake_1910_title_4;흡연자들의 즐거움!;Smokers rejoice!;;Raucher frohlocket!;;;;;;;;;;;x;;;;;;;;;;;;;;;;
some_fake_1910_4;기드온 순드바크가 지퍼를 발명했습니다.;Zipper invented by Gideon Sundback.;;Gideon Sundback erfindet Rei쬦erschluss.;;;;;;;;;;;x;;;;;;;;;;;;;;;;
some_fake_1910_title_5;아침을 지켜내다;Breakfast is saved;;Fr쬦st쬦k gesichert;;;;;;;;;;;x;;;;;;;;;;;;;;;;
some_fake_1910_5;찰스 스트라이트가 빵위 툭 튀어나오는 토스트기를 발명했습니다.;Charles Strite invents the  pop-up bread toaster.;;Charles Strite erfindet den Brotr쬦ter.;;;;;;;;;;;x;;;;;;;;;;;;;;;;
some_fake_1910_title_6;대륙이동설 제시;Continental drift' postulated;;Kontinentaldrift angenommen;;;;;;;;;;;x;;;;;;;;;;;;;;;;
some_fake_1910_6;독일의 저명한 과학자인 알프레드 베게너는 우리가 서 있는 대륙들이 지구 표면에서 움직이고 있다는 이론을 제시했습니다.;Alfred Wegener, a prominent German scientist, has put forth the theory that the very continents upon which we stand could be moving about on the Earth's surface.;;Bekannter deutscher Wissenschaftler Alfred Wegener entwickelt Theorie, dass die Kontinente, auf denen wir wandeln, auf der Erdoberfl쬦he schwimmen k쬦nten.;;;;;;;;;;;x;;;;;;;;;;;;;;;;
some_fake_1910_title_7;일반상대성이론;General relativity;;Relativit쬦stheorie;;;;;;;;;;;x;;;;;;;;;;;;;;;;
some_fake_1910_7;알버트 아인슈타인이 공간, 시간, 중력과 수많은 다른 힘 사이의 관계를 설명하려고 하는 혼란스럽고 복잡한 공식인 일반 상대성 이론을 발표했습니다.;Albert Einstein has published his theory of general relativity, a confusing and complicated set of formulae which seeks to explain the relationship between space, time, gravity and a myriad of other forces.;;Albert Einstein ver쬦fentlicht Relativit쬦stheorie, eine verwirrende und komplexe Formelsammlung, die Zusammenh쬦ge in Raum, Zeit, Schwerkraft und einer Vielzahl anderer Kr쬦te erkl쬦en soll.;;;;;;;;;;;x;;;;;;;;;;;;;;;;
some_fake_1910_title_8;사설:;Editorial:;;Redaktionelles:;;;;;;;;;;;x;;;;;;;;;;;;;;;;
some_fake_1910_8;여성주의는 서구 문명을 파괴할 것이다. 남녀평등은 문명화된 사람들이라면 생각하지도 않을 타락 그 자체다. 여성주의는 여성 운전자로 이어질 수 있다(10쪽).;This feminism will destroy western civilisation. Equality of the sexes is a depravity which no civilised people would contemplate. Why, feminism could lead to women drivers (pg. 10);;Der Feminismus wird westl. Zivilisation zerst쬦en (mehr auf Seite 10);;;;;;;;;;;x;;;;;;;;;;;;;;;;
some_fake_1910_title_9;자유기고란:;Free inside:;;Kostenlose Beilage:;;;;;;;;;;;x;;;;;;;;;;;;;;;;
some_fake_1910_9;십자말풀이는 독자들이 자신의 통찰력의 강함을 보여줄 수 있는 이상한 오락거리입니다.';A 'cross-word puzzle', a whimsical pastime which will nonetheless allow the reader to demonstrate the fortitude of their perspicacity. ;;Ein 'Kreuzwort-R쬦sel', ein netter Zeitvertreib, mit dem unsere Leser ihren Scharfsinn demonstrieren k쬦nen.;;;;;;;;;;;x;;;;;;;;;;;;;;;;
some_fake_1910_title_10;셜록 홈즈 결말 논란;Sherlock Holmes' ending controversy;;Kontroverse zum Ende von Sherlock Holmes;;;;;;;;;;;x;;;;;;;;;;;;;;;;
some_fake_1910_10;아서 코난 도일 경은 그 유명한 탐정의 죽음으로 인해 엄청난 팬들의 항의가 있자, 그를 죽음에서 다시 데려오기로 결심했습니다.;After a massive fan outcry due to the bittersweet death of the famous detective, author Sir Arthur Conan Doyle decides to bring him back from the dead, providing clarification and closure.;;Nach massivem Aufschrei der Fans zum bitters廻en Ende des ber쬦mten Detektivs, entschlie쬦 sich Sir Arthur Conan Doyle ihn wiederzubeleben und verspricht Klarheit und Abschluss.;;;;;;;;;;;x;;;;;;;;;;;;;;;;
some_fake_1920_title_1;비행 기록;Flight record;;Flugrekord;;;;;;;;;;;x;;;;;;;;;;;;;;;;
some_fake_1920_1;찰스 린드버그이라는 남자가 뉴욕에서 파리까지 쉬지 않고 혼자서 대서양을 횡단한 최초의 사람이 됐습니다.;Charles Lindbergh becomes the first person to fly solo across the Atlantic Ocean (May 2021, 1927), nonstop from New York to Paris.;;Charles Lindbergh 쬦erfliegt als erster Mann solo und nonstop den Atlantischen Ozean von New York nach Paris (20.-21. Mai 1927);;;;;;;;;;;x;;;;;;;;;;;;;;;;
some_fake_1920_title_2;별로!;To the stars!;;Zu den Sternen!;;;;;;;;;;;x;;;;;;;;;;;;;;;;
some_fake_1920_2;로버트 고다드라는 남자가 세계에서 처음으로 액체 연료 로켓을 비행시켰습니다.;World뭩 first flight of a liquid-fueled rocket by Robert Goddard.;;Weltweit erster Raketenflug mit Fl쬦sigtreibstoff von Robert Goddard.;;;;;;;;;;;x;;;;;;;;;;;;;;;;
some_fake_1920_title_3;턱수염의 끝?;An end to beards쬦;;Das Ende der B쬦te쬦;;;;;;;;;;;x;;;;;;;;;;;;;;;;
some_fake_1920_3;미국의 콜 제이콥 쉬크가 세계에서 처음으로 전기면도기에 대한 특허를 출원했습니다.;First electric razor patented by the American manufacturer Col. Jacob Schick.;;Erster elektr. Rasierer vom amerikanischen Hersteller Col. Jacob Schick patentiert.;;;;;;;;;;;x;;;;;;;;;;;;;;;;
some_fake_1920_title_4;음악의 미래;The future of music;;Zukunftsmusik;;;;;;;;;;;x;;;;;;;;;;;;;;;;
some_fake_1920_4;자동악기 회사에서 쥬크박스를 처음으로 전보였습니다.;The first selective Jukeboxes introduced by the Automated Musical Instrument Company.;;Erster Musikautomat mit Musikwahl von Automated Musical Instrument Company vorgestellt.;;;;;;;;;;;x;;;;;;;;;;;;;;;;
some_fake_1920_title_5;이유를 모르겠는 유행;We don't know why;;Wir wissen nicht warum;;;;;;;;;;;x;;;;;;;;;;;;;;;;
some_fake_1920_5;깃대서기가 서구세계를 휩쓸었습니다.;Pole-sitting fad sweeps western world.;;Pfahlsitzen-Marotte erobert westl. Welt.;;;;;;;;;;;x;;;;;;;;;;;;;;;;
some_fake_1920_title_6;사설:;Editorial:;;Redaktionelles:;;;;;;;;;;;x;;;;;;;;;;;;;;;;
some_fake_1920_6;텔레비전은 서구 문명을 파괴할 것이다. 오늘은 끔찍한 나무 꼭두각시 인형들이요 내일은 끔찍한 술에 취해서 음란한 20대들이로다. (10쪽 참조);This 'television' genuinely will destroy western civilisation. Today, horrendous wooden puppets, tomorrow, horrendous drunken and lascivious twenty-somethings쬦 (see page 10);;Fernseher werden westliche Zivilisation vernichten (mehr auf Seite 10);;;;;;;;;;;x;;;;;;;;;;;;;;;;
some_fake_1920_title_7;사설:;Editorial:;;Redaktionelles:;;;;;;;;;;;x;;;;;;;;;;;;;;;;
some_fake_1920_7;재즈는 서구 문명을 파괴할 것이다. 음악 역사상 이렇게 부패한 가락은 들어본 적이 없다. 이런 금찍한 선율은 우리 사회에서 사라져야 한다.(10쪽);This 'jazz' will destroy western civilisation. Never in the history of music has such a corrupting rhythm been heard. The jungle beat has no place in our repressed society (pg. 10) ;;Jazz wird westl. Zivilisation vernichten (weiter auf Seite 10);;;;;;;;;;;x;;;;;;;;;;;;;;;;
some_fake_1920_title_8;재즈 열풍!;The jazz craze!;;Der Jazz-Wahn!;;;;;;;;;;;x;;;;;;;;;;;;;;;;
some_fake_1920_8;새로운 유행이 국내의 음악청취자들의 열정을 일깨웠다. 태교적인 춤, 음탕함, 그리고 인종적인 혼합은 이 이색적이고 어긋난 음악의 특징이다.;A new fad has awakened the passions of the nation's music-listeners. Frenetic dancing, unchaperoned licentiousness and race-mixing are natural byproducts of this far out and wrong musical form.;;Musikliebhaber von neuer Marotte erfasst: Frenetische T쬦ze, Zuchtlosigkeit und Rassenvermischung sind Nebenprodukte dieser falschen Musikform.;;;;;;;;;;;x;;;;;;;;;;;;;;;;
some_fake_1920_title_9;문학 요약문: 울리세스;Literary digest: Ulysees;;Literatur-쬦ersicht: Ulysees;;;;;;;;;;;x;;;;;;;;;;;;;;;;
some_fake_1920_9;평판있는 아일랜드 사람 제임스 조이스가 쓴 울리세스는 더블린 주인공의 생애에서 단지 평범한 삶을 살고, 고군분투하고 있는 어느 날을 묘사합니다. (19쪽에서 계속);Penned by Irish-man of some repute, James Joyce, Ulysees describes one day in the life of a Dublin protagonist merely living his life in a normal fashion, struggling... (continued on page 19)Penned by Irish-man of some repute, James Joyce, Ulysees describes one day in the life of a Dublin protagonist merely living his life in a normal fashion, struggling... (continued on page 19);;Bekannter Ire James Joyce beschreibt in Ulysees einen Tag im Leben eines Protagonisten in Dublin und seinen Widrigkeiten (mehr auf Seite 19);;;;;;;;;;;x;;;;;;;;;;;;;;;;
some_fake_1920_title_10;이집트로!;To Egypt!;;Auf nach 훕ypten!;;;;;;;;;;;x;;;;;;;;;;;;;;;;
some_fake_1920_10;더욱 놀라운 오늘 나일강 지역에서의 고고학적 동양적인 모든 것에 대한 세계적인 매력을 더했습니다...(2쪽에서 계속);More astounding archaeological discoveries occured today in the Nile region, furthering the international fascination with all things Oriental... (continued on page 2);;Weitere erstaunliche, arch쬦logische Entdeckungen in der Nil-Region befeuern Faszination mit dem Orientalischen 쬦(weiter auf Seite 2);;;;;;;;;;;x;;;;;;;;;;;;;;;;
some_fake_1920_title_11;바우하우스 건축양식;Bauhaus architecture;;Bauhaus-Architektur;;;;;;;;;;;x;;;;;;;;;;;;;;;;
some_fake_1920_11;바우하우스라고 알려진 미래지향적인 새로운 예술적 원예 양식이 바이마르, 베를린, 그리고 데소라는 도시에서 두드러지게 나타났습니다.;A futuristic new artistic archetectural style, known as Bauhaus, has risen to prominence in the cities of Weimar, Berlin and Dessau.;;Futuristischer, neuer Kunst-Architekturstil, bekannt als Bauhaus, erobert die St쬦te Weimar, Berlin und Dessau.;;;;;;;;;;;x;;;;;;;;;;;;;;;;
some_fake_1920_title_12;괴짜 2인조가 불러온 혼돈;Oddball duo cause chaos;;Verr쬦ktes Duo erzeugt Chaos;;;;;;;;;;;x;;;;;;;;;;;;;;;;
some_fake_1920_12;기소된 남성 1명과 마른 남성 2명이 법정에 모습을 드러냈습니다. 집 한 채를 철거하고 당나귀를 훔쳐내는 등 범죄가 심각해, 검찰 간부들은 사형을 구형할 것으로 보입니다.;Two men, one fat and one thin, have appeared in court accused of mischief-making and general buffoonery. Due to the severity of the crime, which involved the demolition of a house and theft of an ass, prosecuters are expected to seek the death penalty.;;Zwei M쬦ner, einer dick, einer d쬦n, stehen wegen groben Unfugs und grober Clownerei vor Gericht. Aufgrund der Schwere der Vorw쬦fe, die die Zerst쬦ung eines Hauses und Diebstahl umfassen, wird die Forderung der Todesstrafe durch Ankl쬦er erwartet.;;;;;;;;;;;x;;;;;;;;;;;;;;;;
some_fake_ANY_title_1;개가 어린이를 물다;Dog bites a child.;;Hund bei쬦 Kind.;;;;;;;;;;;x;;;;;;;;;;;;;;;;
some_fake_ANY_1;Vicious animal attack leaves community in shock, parents concerned with safety of their children demand action. ;Vicious animal attack leaves community in shock, parents concerned with safety of their children demand action. ;;;;;;;;;;;;x;
some_fake_ANY_title_2;Global cooling.;Global cooling.;;;;;;;;;;;;x;
some_fake_ANY_2;Scientists warn another ice age might be starting as recorded temperatures drop from year to year.;Scientists warn another ice age might be starting as recorded temperatures drop from year to year.;;;;;;;;;;;;x;
some_fake_ANY_title_3;Missing child found;Missing child found;;;;;;;;;;;;x;
some_fake_ANY_3;He was hiding in a barn! The missing child case resolved after extensive search by local volunteers discovers the child hiding in the nearby abandoned building.;He was hiding in a barn! The missing child case resolved after extensive search by local volunteers discovers the child hiding in the nearby abandoned building.;;;;;;;;;;;;x;
some_fake_ANY_title_5;Damsel brutally murdered;Damsel brutally murdered;;;;;;;;;;;;x;
some_fake_ANY_5;The horrifically-mutilated corpse of a damsel was discovered yesterday tied to a train track. The public is advised to be on the lookout for a man with a large moustache, a top hat and a black opera cloak.;The horrifically-mutilated corpse of a damsel was discovered yesterday tied to a train track. The public is advised to be on the lookout for a man with a large moustache, a top hat and a black opera cloak.;;;;;;;;;;;;x;
some_fake_ANY_title_6;Rabbit emerges from hat;Rabbit emerges from hat;;;;;;;;;;;;x;
some_fake_ANY_6;A man, who claimed to possess mystic powers, was seen to produce a rabbit from a top hat yesterday. He is currently being investigated on suspicion of unnatural practises.;A man, who claimed to possess mystic powers, was seen to produce a rabbit from a top hat yesterday. He is currently being investigated on suspicion of unnatural practises.;;;;;;;;;;;;x;
some_fake_ANY_title_7;A glimpse into the year 2000;A glimpse into the year 2000;;;;;;;;;;;;x;
some_fake_ANY_7;A prominent futurologist has granted an insight into the distant year 2000 A.D. Speaking to our futurology correspondent, he said "By 2000 each landed gentleman will own at least 5 hot-air balloons".;A prominent futurologist has granted an insight into the distant year 2000 A.D. Speaking to our futurology correspondent, he said "By 2000 each landed gentleman will own at least 5 hot-air balloons".;;;;;;;;;;;;x;
some_fake_ANY_title_8;News counterfeiting!;News counterfeiting!;;;;;;;;;;;;x;
some_fake_ANY_8;An Irish-man, a Pole, and a Prussian were arrested yesterday as part of an ongoing investigation into a shadowy cabal which concocted news stories and presented them as if they were factual.;An Irish-man, a Pole, and a Prussian were arrested yesterday as part of an ongoing investigation into a shadowy cabal which concocted news stories and presented them as if they were factual.;;;;;;;;;;;;x;
some_fake_ANY_title_9;12 Gored!;12 Gored!;;;;;;;;;;;;x;
some_fake_ANY_9;An enraged gentleman cow gored 5 men and 7 women to death yesterday. The gentleman cow, who had previously been of a gentle nature, was beheaded by a passing chimney-sweep.;An enraged gentleman cow gored 5 men and 7 women to death yesterday. The gentleman cow, who had previously been of a gentle nature, was beheaded by a passing chimney-sweep.;;;;;;;;;;;;x;
some_fake_ANY_title_10;Bridge collapse!;Bridge collapse!;;;;;;;;;;;;x;
some_fake_ANY_10;Claims the life of a butcher just outside our nation's capital. The bucther, who was a character of some repute in the locality in question, is survived by his brother, a baker, and a son who manufactures and sells candlesticks.;Claims the life of a butcher just outside our nation's capital. The bucther, who was a character of some repute in the locality in question, is survived by his brother, a baker, and a son who manufactures and sells candlesticks.;;;;;;;;;;;;x;
some_fake_ANY_title_11;Balkans quiet;Balkans quiet;;;;;;;;;;;;x;
some_fake_ANY_11;Serbs, Croats, Bosnians, Turks, Bulgarians, Romanians, Albanians and Greeks came together last Sunday to celebrate the great peace in which the Balkan peninsula presently bathes.;Serbs, Croats, Bosnians, Turks, Bulgarians, Romanians, Albanians and Greeks came together last Sunday to celebrate the great peace in which the Balkan peninsula presently bathes.;;;;;;;;;;;;x;
some_fake_ANY_title_12;Letter to the editor;Letter to the editor;;;;;;;;;;;;x;
some_fake_ANY_12;A reader calls attention to careless ferry pilots putting lives of passengers at risk with their reckless full speed driving and risky manoeuvres. ;A reader calls attention to careless ferry pilots putting lives of passengers at risk with their reckless full speed driving and risky manoeuvres. ;;;;;;;;;;;;x;
some_fake_ANY_title_13;The weather;The weather;;;;;;;;;;;;x;
some_fake_ANY_13;Probabilities for the next week: Cloudy and rainy, with north and north-east winds and lowering temperatures. ;Probabilities for the next week: Cloudy and rainy, with north and north-east winds and lowering temperatures. ;;;;;;;;;;;;x;
some_fake_ANY_title_14;Tragic city fire;Tragic city fire;;;;;;;;;;;;x;
some_fake_ANY_14;Fire Department blamed for demonstrating a lack of discipline and efficiency allowing fire to spread across multiple blocks leading to the biggest and most tragic city fire to date. ;Fire Department blamed for demonstrating a lack of discipline and efficiency allowing fire to spread across multiple blocks leading to the biggest and most tragic city fire to date. ;;;;;;;;;;;;x;
some_fake_ANY_title_15;Fishhook robbery!;Fishhook robbery!;;;;;;;;;;;;x;
some_fake_ANY_15;Police inform us that a robber managed to steal a substantial amount of money from a  teller's desk at a local bank using a fishhook and a stick while the teller was being distracted by an accomplice.;Police inform us that a robber managed to steal a substantial amount of money from a  teller's desk at a local bank using a fishhook and a stick while the teller was being distracted by an accomplice.;;;;;;;;;;;;x;
some_fake_ANY_title_16;Let them jump!;Let them jump!;;;;;;;;;;;;x;
some_fake_ANY_16;If children have to be still it's a torture for them, scientists claim. Rapid movement of body being the correct expression of joy at very young age should be encouraged not frowned upon. ;If children have to be still it's a torture for them, scientists claim. Rapid movement of body being the correct expression of joy at very young age should be encouraged not frowned upon. ;;;;;;;;;;;;x;
some_fake_ANY_title_17;Wooden pavements;Wooden pavements;;;;;;;;;;;;x;
some_fake_ANY_17;A new describes chemical processes of hardening wood to increase its endurance beyond that of traditional building materials. Should city boards begin paving streets with wooden panels?;A new describes chemical processes of hardening wood to increase its endurance beyond that of traditional building materials. Should city boards begin paving streets with wooden panels?;;;;;;;;;;;;x;
some_fake_ANY_title_18;Life without food?;Life without food?;;;;;;;;;;;;x;
some_fake_ANY_18;A man claiming he can abstain from food for at least 30 days and retain full physical and mental fitness challenges physicians to subject his abilities to a test. ;A man claiming he can abstain from food for at least 30 days and retain full physical and mental fitness challenges physicians to subject his abilities to a test. ;;;;;;;;;;;;x;
some_fake_ANY_title_19;Deadly fever;Deadly fever;;;;;;;;;;;;x;
some_fake_ANY_19;Two sailors from a brig returning from tropical areas are reported to have died of an unknown fever. They experienced severe chills followed by extreme thirst and delusions until both eventually perished.;Two sailors from a brig returning from tropical areas are reported to have died of an unknown fever. They experienced severe chills followed by extreme thirst and delusions until both eventually perished.;;;;;;;;;;;;x;
some_fake_ANY_title_20;Artificial diamonds;Artificial diamonds;;;;;;;;;;;;x;
some_fake_ANY_20;A European chemist claims by the process known only to himself he managed to coat an ordinary crystal with a surface resembling in every respect that of a real diamond. ;A European chemist claims by the process known only to himself he managed to coat an ordinary crystal with a surface resembling in every respect that of a real diamond. ;;;;;;;;;;;;x;
some_fake_ANY_title_22;Letter from God;Letter from God;;;;;;;;;;;;x;
some_fake_ANY_22;One of the poor members of our society receiving a charity letter marked as "from God" responded by giving thanks for the money received, but warns the deity against tax levy and post office theft.;One of the poor members of our society receiving a charity letter marked as "from God" responded by giving thanks for the money received, but warns the deity against tax levy and post office theft.;;;;;;;;;;;;x;
some_fake_ANY_title_23;Medical news;Medical news;;;;;;;;;;;;x;
some_fake_ANY_23;Top European doctors have speculated that smoke from factory stacks could be responsible for the increased level of respiratory problems seen amongst children.;Top European doctors have speculated that smoke from factory stacks could be responsible for the increased level of respiratory problems seen amongst children.;;;;;;;;;;;;x;
some_fake_ANY_title_24;Vampyre hysteria;Vampyre hysteria;;;;;;;;;;;;x;
some_fake_ANY_24;Another outbreak of vampyre hysteria has occurred in Romanian lands. Superstitious peasants have taken to daubing their necks with garlic in a bid to ward off the nefarious ghouls.;Another outbreak of vampyre hysteria has occurred in Romanian lands. Superstitious peasants have taken to daubing their necks with garlic in a bid to ward off the nefarious ghouls.;;;;;;;;;;;;x;
some_fake_ANY_title_25;Wolves kill four;Wolves kill four;;;;;;;;;;;;x;
some_fake_ANY_25;A pack of wolves raided a town in Siberia last week and killed four of the inhabitants. Armed policemen have been dispatched to the area to hunt down the lupine beasts.;A pack of wolves raided a town in Siberia last week and killed four of the inhabitants. Armed policemen have been dispatched to the area to hunt down the lupine beasts.;;;;;;;;;;;;x;
some_fake_ANY_title_26;Horrific puppets;Horrific puppets;;;;;;;;;;;;x;
some_fake_ANY_26;Ghastly puppets have become a generally accepted part of daily life. The latest terrifying abomination to make its presence felt is a smiling wooden boy with a fixed grin, styled 밄imbo?;Ghastly puppets have become a generally accepted part of daily life. The latest terrifying abomination to make its presence felt is a smiling wooden boy with a fixed grin, styled 밄imbo?;;;;;;;;;;;;x;
some_fake_ANY_title_27;Drinking contest;Drinking contest;;;;;;;;;;;;x;
some_fake_ANY_27;Irish-man Bill Whelan bested rivals from Russia and Scotland in an alcohol-consuming contest in New York last week. He attributed his victory to 몊heer love of booze?from his hospital bed.;Irish-man Bill Whelan bested rivals from Russia and Scotland in an alcohol-consuming contest in New York last week. He attributed his victory to 몊heer love of booze?from his hospital bed.;;;;;;;;;;;;x;
some_fake_ANY_title_28;Oldest man;Oldest man;;;;;;;;;;;;x;
some_fake_ANY_28;Respected gentleman Jimmy Williams has been named oldest man alive. Williams, from American뭩 deep south, politely entreated reporters from this news-paper to remove themselves from his lawn.;Respected gentleman Jimmy Williams has been named oldest man alive. Williams, from American뭩 deep south, politely entreated reporters from this news-paper to remove themselves from his lawn.;;;;;;;;;;;;x;
some_fake_ANY_title_29;BANK ROBBERY!;BANK ROBBERY!;;;;;;;;;;;;x;
some_fake_ANY_29;Local bank in $ANYPROVINCE$ has been invaded by a masked gang of ne'er-do-wells. The police are searching for the criminals and is granting a reward for any information leading to their capture.;Local bank in $ANYPROVINCE$ has been invaded by a masked gang of ne'er-do-wells. The police are searching for the criminals and is granting a reward for any information leading to their capture.;;;;;;;;;;;;x;
some_fake_ANY_title_30;Piano Cat on tour;Piano Cat on tour;;;;;;;;;;;;x;
some_fake_ANY_30;The famous feline pianist known simply as the Piano Cat is scheduled to arrive in $OURCAPITAL$ this week. The cat artist is expected to play a series of classical pieces.;The famous feline pianist known simply as the Piano Cat is scheduled to arrive in $OURCAPITAL$ this week. The cat artist is expected to play a series of classical pieces.;;;;;;;;;;;;x;
some_fake_ANY_title_31;Special Lectures;Special Lectures;;;;;;;;;;;;x;
some_fake_ANY_31;The Council of Science of $OURCAPITAL$ is to present a series of special lectures on the origins of civilisation in the Fertile Crescent. Special presentations of pottery shards from Tyre are planned.;The Council of Science of $OURCAPITAL$ is to present a series of special lectures on the origins of civilisation in the Fertile Crescent. Special presentations of pottery shards from Tyre are planned.;;;;;;;;;;;;x;
some_fake_ANY_title_32;HEED! HEED!;HEED! HEED!;;;;;;;;;;;;x;
some_fake_ANY_32;A storm of gigantic proportions is incoming. Instructions from Public Safety officials are: Do not sweep any chimneys during the storm. Accidents may occur if this warning is not heeded.;A storm of gigantic proportions is incoming. Instructions from Public Safety officials are: Do not sweep any chimneys during the storm. Accidents may occur if this warning is not heeded.;;;;;;;;;;;;x;
some_fake_ANY_title_34;Trade Summit;Trade Summit;;;;;;;;;;;;x;
some_fake_ANY_34;Current European and International Tariffs as well as protectionist practices will be discussed next Thursday in $OURCAPITAL$.;Current European and International Tariffs as well as protectionist practices will be discussed next Thursday in $OURCAPITAL$.;;;;;;;;;;;;x;
some_fake_ANY_title_35;Postal Convention;Postal Convention;;;;;;;;;;;;x;
some_fake_ANY_35;Today $OURCOUNTRY$ and foreign authorities are assembled to discuss postage fees for all letters sent overseas.;Today $OURCOUNTRY$ and foreign authorities are assembled to discuss postage fees for all letters sent overseas.;;;;;;;;;;;;x;
some_fake_ANY_title_36;Modern Coal Trade;Modern Coal Trade;;;;;;;;;;;;x;
some_fake_ANY_36;The free trade of coal for railway locomotives and eventually seafaring ships in the western world is being discussed today at the local Chamber of Commerce.;The free trade of coal for railway locomotives and eventually seafaring ships in the western world is being discussed today at the local Chamber of Commerce.;;;;;;;;;;;;x;
some_fake_ANY_title_37;Unlikely to become Cardinal;Unlikely to become Cardinal;;;;;;;;;;;;x;
some_fake_ANY_37;Unofficial comments from Pope's inner circle in Vatican denounce the rumors of the coming elevation of Archbishop as premature.;Unofficial comments from Pope's inner circle in Vatican denounce the rumors of the coming elevation of Archbishop as premature.;;;;;;;;;;;;x;
some_fake_ANY_title_38;General's funeral.;General's funeral.;;;;;;;;;;;;x;
some_fake_ANY_38;A former general and banker who died at his house last week to be buried today. Only his intimate friends will be present at the ceremony.;A former general and banker who died at his house last week to be buried today. Only his intimate friends will be present at the ceremony.;;;;;;;;;;;;x;
some_fake_ANY_title_39;Mountain top birth;Mountain top birth;;;;;;;;;;;;x;
some_fake_ANY_39;A woman who fell ill during ascension to the mountain top was taken by her two companions to a shelter 4000 feet above sea level to give birth to a healthy boy.;A woman who fell ill during ascension to the mountain top was taken by her two companions to a shelter 4000 feet above sea level to give birth to a healthy boy.;;;;;;;;;;;;x;
some_fake_ANY_title_40;Moral expansion?;Moral expansion?;;;;;;;;;;;;x;
some_fake_ANY_40;Can we allow history to record that we crushed foreign peoples' dreams of freedom by subjugating them to our government? Can we govern them without their consent?;Can we allow history to record that we crushed foreign peoples' dreams of freedom by subjugating them to our government? Can we govern them without their consent?;;;;;;;;;;;;x;
some_fake_ANY_title_41;Blackmailer arrested.;Blackmailer arrested.;;;;;;;;;;;;x;
some_fake_ANY_41;A former actor and an alleged deserter from the army was today jailed for annoying a famous actress with requests for money.;A former actor and an alleged deserter from the army was today jailed for annoying a famous actress with requests for money.;;;;;;;;;;;;x;
some_fake_ANY_title_42;Skirting evil;Skirting evil;;;;;;;;;;;;x;
some_fake_ANY_42;Fashion cannot dictate the dust of the sidewalks to be dragged into homes, a physician claims, and demands women abandon the new trend of wearing trailing skirts for health reasons.;Fashion cannot dictate the dust of the sidewalks to be dragged into homes, a physician claims, and demands women abandon the new trend of wearing trailing skirts for health reasons.;;;;;;;;;;;;x;
some_fake_ANY_title_43;Faith cure kills child;Faith cure kills child;;;;;;;;;;;;x;
some_fake_ANY_43;A 12 yearsold girl sick with dysentery died at a local hospital after parents replaced the family physician with a faith doctor.;A 12 yearsold girl sick with dysentery died at a local hospital after parents replaced the family physician with a faith doctor.;;;;;;;;;;;;x;
some_fake_ANY_title_44;Respect of Yardies gained!;Respect of Yardies gained!;;;;;;;;;;;;x;
some_fake_ANY_44;A local man from $ANYPROVINCE$ reports having beat down many men armed with rifles in a local pub. The man claimd the assailants put themselves at a disadvantage by using weapons.;A local man from $ANYPROVINCE$ reports having beat down many men armed with rifles in a local pub. The man claimd the assailants put themselves at a disadvantage by using weapons.;;;;;;;;;;;;x;
some_fake_ANY_title_45;Article review;Article review;;;;;;;;;;;;x;
some_fake_ANY_45;All newspaper articles to be subjected to a review by a special board to confirm their accuracy and truthfulness. In unrelated news: The journalist writing about wooden pavements has vanished.;All newspaper articles to be subjected to a review by a special board to confirm their accuracy and truthfulness. In unrelated news: The journalist writing about wooden pavements has vanished.;;;;;;;;;;;;x;
some_fake_ANY_title_46;Law discussed;Law discussed;;;;;;;;;;;;x;
some_fake_ANY_46;Lawyers from all over the country convened today in $OURCAPITAL$ to discuss eventual updates to the country's judiciary system in matters of civil and criminal law.;Lawyers from all over the country convened today in $OURCAPITAL$ to discuss eventual updates to the country's judiciary system in matters of civil and criminal law.;;;;;;;;;;;;x;
some_fake_ANY_title_48;The history of $OURCOUNTRY$;The history of $OURCOUNTRY$;;;;;;;;;;;;x;
some_fake_ANY_48;A definitive multivolume work on the history of the $OURCOUNTRY$ civilization has finally been completed. Leading historians proclaim it the greatest reference yet, true to our heroic deeds.;A definitive multivolume work on the history of the $OURCOUNTRY$ civilization has finally been completed. Leading historians proclaim it the greatest reference yet, true to our heroic deeds.;;;;;;;;;;;;x;
some_fake_ANY_title_49;Bach Concert;Bach Concert;;;;;;;;;;;;x;
some_fake_ANY_49;A dash of nostalgia for all enthusiasts of music. A collection of Bach's most famous pieces will be played by the $OURCOUNTRY$ National Orchestra next week in the Grand Concert Hall of $OURCAPITAL$. ;A dash of nostalgia for all enthusiasts of music. A collection of Bach's most famous pieces will be played by the $OURCOUNTRY$ National Orchestra next week in the Grand Concert Hall of $OURCAPITAL$. ;;;;;;;;;;;;x;
some_fake_ANY_title_50;Stone delivered;Stone delivered;;;;;;;;;;;;x;
some_fake_ANY_50;Inhabitants of $ANYPROVINCE$ puzzled by the delivery of gigantic pieces of marble from abroad. Rumour has it that a new grandiose monument will be built in the capital's main square.;Inhabitants of $ANYPROVINCE$ puzzled by the delivery of gigantic pieces of marble from abroad. Rumour has it that a new grandiose monument will be built in the capital's main square.;;;;;;;;;;;;x;
some_fake_ANY_title_51;Mechanical contraptions;Mechanical contraptions;;;;;;;;;;;;x;
some_fake_ANY_51;Gadgets of various sorts will play an increasingly large part in everyday life, according to a top boffin who heads the engineering department at $OURCAPITAL$ university.;Gadgets of various sorts will play an increasingly large part in everyday life, according to a top boffin who heads the engineering department at $OURCAPITAL$ university.;;;;;;;;;;;;x;
some_fake_ANY_title_52;Blacksmith dead;Blacksmith dead;;;;;;;;;;;;x;
some_fake_ANY_52;A blacksmith was kicked to death by a horse he was attempting to shoe in $ANYPROVINCE$ yesterday.;A blacksmith was kicked to death by a horse he was attempting to shoe in $ANYPROVINCE$ yesterday.;;;;;;;;;;;;x;
some_fake_ANY_title_53;Solar eclipse;Solar eclipse;;;;;;;;;;;;x;
some_fake_ANY_53;Readers are politely reminded that a solar eclipse is due to occur this coming Friday. The temporary phenomenon is no cause for panic or work stoppages.;Readers are politely reminded that a solar eclipse is due to occur this coming Friday. The temporary phenomenon is no cause for panic or work stoppages.;;;;;;;;;;;;x;
some_fake_ANY_title_54;Monocle sales plateau;Monocle sales plateau;;;;;;;;;;;;x;
some_fake_ANY_54;Monocle sales, which have been rising for decades, appear to have levelled out. Orders have held steady through the last quarter.;Monocle sales, which have been rising for decades, appear to have levelled out. Orders have held steady through the last quarter.;;;;;;;;;;;;x;
some_fake_ANY_title_55;Time travel;Time travel;;;;;;;;;;;;x;
some_fake_ANY_55;A prominent author of penny dreadfuls has put forth the idea that man could move backwards and forwards through time, appearing at various dates in the past and present.;A prominent author of penny dreadfuls has put forth the idea that man could move backwards and forwards through time, appearing at various dates in the past and present.;;;;;;;;;;;;x;
some_fake_ANY_title_56;Literacy;Literacy;;;;;;;;;;;;x;
some_fake_ANY_56;Literacy is at an all-time high across the globe, new figures show. Previously the preserve of the clergy and noble classes, it is now seen even amongst the common labourer and fairer sex.;Literacy is at an all-time high across the globe, new figures show. Previously the preserve of the clergy and noble classes, it is now seen even amongst the common labourer and fairer sex.;;;;;;;;;;;;x;
some_fake_ANY_title_57;Public 몊cience?lecture;Public 몊cience?lecture;;;;;;;;;;;;x;
some_fake_ANY_57;Aspiring natural philosophers are advised that a lecture on geology, or the study of rock formations, will take place in the $OURCAPITAL$ auditorium on Tuesday next. Admission is ?.;Aspiring natural philosophers are advised that a lecture on geology, or the study of rock formations, will take place in the $OURCAPITAL$ auditorium on Tuesday next. Admission is ?.;;;;;;;;;;;;x;
some_fake_ANY_title_58;Meeting interrupted;Meeting interrupted;;;;;;;;;;;;x;
some_fake_ANY_58;A political club was invaded by campaigners for equality of the sexes yesterday. The womens' husbands have been reprimanded by the constabulary for neglecting to control their wives.;A political club was invaded by campaigners for equality of the sexes yesterday. The womens' husbands have been reprimanded by the constabulary for neglecting to control their wives.;;;;;;;;;;;;x;
some_fake_ANY_title_59;The English Man;The English Man;;;;;;;;;;;;x;
some_fake_ANY_59;The Englishman maintains a stiff upper lip, has a strong sense of fair play and is an advocate of liberty. Inventive, graceful and witty, he cuts a striking figure amongst the nationalities.;The Englishman maintains a stiff upper lip, has a strong sense of fair play and is an advocate of liberty. Inventive, graceful and witty, he cuts a striking figure amongst the nationalities.;;;;;;;;;;;;x;
some_fake_ANY_title_60;Wave of Influenza;Wave of Influenza;;;;;;;;;;;;x;
some_fake_ANY_60;Flu sweeps $OURCOUNTRY$. There are already many reported infections throughout the land. Laymen fear a pandemic might be coming, while experts assure it's just a seasonal occurrence.;Flu sweeps $OURCOUNTRY$. There are already many reported infections throughout the land. Laymen fear a pandemic might be coming, while experts assure it's just a seasonal occurrence.;;;;;;;;;;;;x;
some_fake_ANY_title_61;Hoarde uncovered;Hoarde uncovered;;;;;;;;;;;;x;
some_fake_ANY_61;The remnants of an old coin hoard were found in $ANYPROVINCE$ this week. Authorities mention many pieces of golden coinage discovered by a farmer plowing a field after heavy rain.;The remnants of an old coin hoard were found in $ANYPROVINCE$ this week. Authorities mention many pieces of golden coinage discovered by a farmer plowing a field after heavy rain.;;;;;;;;;;;;x;
some_fake_ANY_title_62;Metric Nonsense;Metric Nonsense;;;;;;;;;;;;x;
some_fake_ANY_62;According to a British statesman, the Imperial System is the way of the future: 'This French Metric nonsense is bound to never catch on' he claims.;According to a British statesman, the Imperial System is the way of the future: 'This French Metric nonsense is bound to never catch on' he claims.;;;;;;;;;;;;x;
GOODS_PRICE_UP_TITLE_LARGE;물가 상승!;PRICES RISE!;;;;;;;;;;;;x;
GOODS_PRICE_UP_LARGE;지난 $VALUE_INT_0_0$개월 동안 $STRING_0_1$의 가격이 꾸준히 상승했습니다. 전 세계 자본가들과 기업가들은 끊임없이 증가하는 시장의 수요를 충족시키기 위해 $STRING_0_1$의 추가 생산에 안간힘을 쓰고 있습니다.;In the last $VALUE_INT_0_0$ months the price of $STRING_0_1$ has steadily risen. Capitalists and Entrepreneurs worldwide scramble to produce more $STRING_0_1$ to meet the ever-increasing demands of the market.;;In den letzten $VALUE_INT_0_0$ Monaten ist der Preis von $STRING_0_1$ konstant gestiegen. Kapitalisten und Handwerker rotieren weltweit, um mehr $STRING_0_1$ zu produzieren, um die Nachfrage zu befriedigen.;;;;;;;;;;;x;;;;;;;;;;;;;;;;
GOODS_PRICE_UP_TITLE_MEDIUM;물가 상승!;PRICES RISE!;;;;;;;;;;;;x;
GOODS_PRICE_UP_MEDIUM;$VALUE_INT_0_0$ 년 마지막 달, $STRING_0_1$ 의 물가가 지속적으로 상승했다. 자본가들과 장인들은 전 세계적으로 늘어나는 수요를 충족하기 위해 더 많은 $STRING_0_1$ 의 생산에 박차를 가했다.;In the last $VALUE_INT_0_0$ months the price of $STRING_0_1$ has steadily risen. Capitalists and Artisans worldwide scramble to produce more $STRING_0_1$ to meet the ever-increasing demands of the market.;;;;;;;;;;;;x;
GOODS_PRICE_UP_TITLE_SMALL;물가 상승!;PRICES RISE!;;;;;;;;;;;;x;
GOODS_PRICE_UP_SMALL;$VALUE_INT_0_0$ 년 마지막 달, $STRING_0_1$ 의 물가가 지속적으로 상승했다!;In the last $VALUE_INT_0_0$ months the price of $STRING_0_1$ has steadily risen!;;;;;;;;;;;;x;
GOODS_PRICE_DOWN_TITLE_LARGE;물가 붕괴!;PRICES COLLAPSE!;;;;;;;;;;;;x;
GOODS_PRICE_DOWN_LARGE;$VALUE_INT_0_0$ 년 마지막 달, $STRING_0_1$ 의 물가가 바위처럼 추락했다! 전 세계적으로 $STRING_0_1$ 의 물가가 추락하자 자본가들과 장인들은 자신들의 손실을 만회하기 위해 제품군을 옮겨 다른 상품을 생산하기 위해 노력하고 있다.;In the last $VALUE_INT_0_0$ months the price of $STRING_0_1$ has dropped like a rock! Worldwide, producers of $STRING_0_1$ are desperately trying to shift their production to other goods to make up for their losses.;;;;;;;;;;;;x;
GOODS_PRICE_DOWN_TITLE_MEDIUM;물가 붕괴!;PRICES COLLAPSE!;;;;;;;;;;;;x;
GOODS_PRICE_DOWN_MEDIUM;$VALUE_INT_0_0$ 년 마지막 달, $STRING_0_1$ 의 물가가 바위처럼 추락했다! 전 세계적으로 $STRING_0_1$ 의 물가가 추락하자 자본가들과 장인들은 자신들의 손실을 만회하기 위해 제품군을 옮겨 다른 상품을 생산하기 위해 노력하고 있다.;In the last $VALUE_INT_0_0$ months the price of $STRING_0_1$ has dropped like a rock! Worldwide, producers of $STRING_0_1$ are desperately trying to shift their production to other goods to make up for their losses;;;;;;;;;;;;x;
GOODS_PRICE_DOWN_TITLE_SMALL;물가 붕괴!;PRICES COLLAPSE!;;;;;;;;;;;;x;
GOODS_PRICE_DOWN_SMALL;$VALUE_INT_0_0$ 년 마지막 달, $STRING_0_1$ 의 물가가 바위처럼 추락했다!;In the last $VALUE_INT_0_0$ months the price of $STRING_0_1$ has dropped like a rock!;;;;;;;;;;;;x;
REVOLUTION_NEWS_TITLE_LARGE;$TAG_0_0_UPPER$ 혁명!;REVOLUTION IN $TAG_0_0_UPPER$!;;;;;;;;;;;;x;
REVOLUTION_NEWS_LARGE;$TAG_0_0$ 혁명이 성공했다! $STRING_0_0$ 세력은 정부군을 물리치고 국가를 전복시켰다. 이제 $TAG_0_0$ 국가는 $STRING_0_4$ 의 통제 하에 있게 되었다. '우리는 정부를 인수하여, 시민들이 기대하는 $STRING_0_3$ 개혁안을 즉각 반영할 것'이라고 발표했다. '우리는 불량국가가 되지 않으며, 우리의 국제적인 동반자들과 더 평등한 관계를 추구할 계획 입니다.' 정부 관계자는 이전 정부가 발행한 계약과 보증을 인정하는 것이 새 여당의 장애물이 되고 있다고 언급했다.;A revolution has taken place in $TAG_0_0$! $STRING_0_0$ have defeated the government's forces and broken the country. $TAG_0_0$ is now under the control of the $STRING_0_4$. 'As we take over the government, citizens can expect immediate reforms reflecting our $STRING_0_3$ values', they announced. 'We are not a rogue state, we only plan to pursue more equal relations with our international partners', a government official commented, challenged about new ruling party's intentions to back down on the agreements and assurances issued by the previous administration.;;;;;;;;;;;;x;
REVOLUTION_NEWS_TITLE_MEDIUM;$TAG_0_0_UPPER$ 혁명!;REVOLUTION IN $TAG_0_0_UPPER$!;;;;;;;;;;;;x;
REVOLUTION_NEWS_MEDIUM;$TAG_0_0$ 혁명이 성공했다! $STRING_0_0$ 세력은 정부군을 물리치고 국가를 전복시켰다. 이제 $TAG_0_0$ 국가는 $STRING_0_4$ 의 통제 하에 있게 되었다. '우리는 정부를 인수하여, 시민들이 기대하는 $STRING_0_3$ 개혁안을 즉각 반영할 것'이라고 발표했다.;A revolution has taken place in $TAG_0_0$! $STRING_0_0$ have defeated the government's forces and broken the country. $TAG_0_0$ is now under the control of the $STRING_0_4$. 'Citizens can expect immediate reforms reflecting our $STRING_0_3$ values', they announced.;;;;;;;;;;;;x;
REVOLUTION_NEWS_TITLE_SMALL;혁명!;REVOLUTION!;;;;;;;;;;;;x;
REVOLUTION_NEWS_SMALL;$TAG_0_0$ 혁명이 성공했다! $STRING_0_0$ 세력은 정부군을 물리치고 국가를 전복시켰다.;A revolution has taken place in $TAG_0_0$! $STRING_0_0$ have defeated the government's forces and broken the country.;;;;;;;;;;;;x;
INVENTION_NEWS_TITLE_LARGE;발명!;INVENTION!;;;;;;;;;;;;x;
INVENTION_NEWS_LARGE;$TAG_0_0$ 과학자와 기술자들이 $STRING_0_1$ 의 발명에 성공했음을 보고했다. ;Scientists and engineers in $TAG_0_0$ are reported to have invented $STRING_0_1$. ;;;;;;;;;;;;x;
INVENTION_NEWS_TITLE_MEDIUM;발명!;INVENTION!;;;;;;;;;;;;x;
INVENTION_NEWS_MEDIUM;$TAG_0_0$ 과학자와 기술자들이 $STRING_0_1$ 의 발명에 성공했음을 보고했다. ;Scientists and engineers in $TAG_0_0$ are reported to have invented $STRING_0_1$. ;;;;;;;;;;;;x;
INVENTION_NEWS_TITLE_SMALL;발명!;Invention!;;;;;;;;;;;;x;
INVENTION_NEWS_SMALL;$TAG_0_0$ 과학자와 기술자들이 $STRING_0_1$ 의 발명에 성공했음을 보고했다. ;Scientists and engineers in $TAG_0_0$ are reported to have invented $STRING_0_1$. ;;;;;;;;;;;;x;
INVENTION_SUFFIX1;계속 앞으로 나아갈 것이다!;Progress marches ever onwards!;;;;;;;;;;;;x;
INVENTION_SUFFIX2;미래의 진정한 빛이다!;Truely the light of the future!;;;;;;;;;;;;x;
INVENTION_SUFFIX3;우리 모두를 파멸로 이끌 것이다!;This may doom us all!;;;;;;;;;;;;x;
INVENTION_SUFFIX4;여러분, 희소식입니다!;Good news, everyone!;;;;;;;;;;;;x;
INVENTION_SUFFIX5;새로운 시대의 새벽이다!;This is the dawn of a new age!;;;;;;;;;;;;x;
INVENTION_SUFFIX6;오늘의 진보는 어제의 계획이었다.;Today's progress was yerterday's plan.;;;;;;;;;;;;x;
INVENTION_SUFFIX7;우리는 그들이 좋은 일에 사용하길 바란다.;Let us hope they use it for good.;;;;;;;;;;;;x;
INVENTION_SUFFIX8;과학은 잠들지 않는다!;Science never sleeps!;;;;;;;;;;;;x;
INVENTION_SUFFIX_LONG1; 허나 그 비용은?; But at what cost?;;;;;;;;;;;;x;
INVENTION_SUFFIX_LONG2; 그들은 다음엔 어떤 것을 구상할까?; Whatever will they think of next?;;;;;;;;;;;;x;
INVENTION_SUFFIX_LONG3; 이해하기 쉽지 않다.; It will never catch on.;;;;;;;;;;;;x;
INVENTION_SUFFIX_LONG4; 그들은 분명히 우리 발상을 훔쳤다.; They clearly stole the idea from us.;;;;;;;;;;;;x;
PARTY_NEWS_TITLE_LARGE;새 정당 $TAG_0_0_UPPER$ 창당;NEW POLITICAL PARTY IN $TAG_0_0_UPPER$;;;;;;;;;;;;x;
PARTY_NEWS_LARGE;$STRING_0_2$ $STRING_0_0$ 정당이 $TAG_0_0$ 에서 새롭게 창당했다. '우리는 현재 새 당원을 모집하고 있는 중이며, 조직화의 구조적지지는 모든 근대 정당에서 요구되고 있습니다.'라고 당 관계자는 언급했다. 불만가득한 운동가들과 다른 집단에 환멸을 느끼는 구성원들을 통합한 새 정당은 전국 대회를 일정에 잡았으며, 그곳에서 그들의 대표 선출과 정견을 합의 할 계획이다. 그들은 모든 가능성에도 불구하고 집권 가능성에 대해 여전히 긍정적이라고 주장했다.;A new $STRING_0_2$ political party, the $STRING_0_0$, has been formed in $TAG_0_0$. 'We're currently in the process of recruiting new members and organizing the support structure every modern political unit requires', a party official commented. Uniting disgruntled activists and disillusioned members of other outfits, the new party announced to have scheduled a national convention, where they plan to elect their representatives and agree on the platform. They claim to remain optimistic about ever coming to power despite all odds.;;;;;;;;;;;;x;
PARTY_NEWS_TITLE_MEDIUM;새 정당 $TAG_0_0_UPPER$ 창당;NEW POLITICAL PARTY IN $TAG_0_0_UPPER$;;;;;;;;;;;;x;
PARTY_NEWS_MEDIUM;$STRING_0_2$ $STRING_0_0$ 정당이 $TAG_0_0$ 에서 새롭게 창당햇다. '우리는 현재 새 당원을 모집하고 있는 중이며, 조직화의 구조적지지는 모든 근대 정당에서 요구되고 있습니다.'라고 당 관계자는 언급했다. 불만가득한 운동가들과 다른 집단에 환멸을 느끼는 구성원들을 통합한 새 정당은 전국 대회를 일정에 잡았다.;A new $STRING_0_2$ political party, the $STRING_0_0$, has been formed in $TAG_0_0$. Uniting disgruntled activists and disillusioned members of other outfits, the new party announced to have scheduled a national convention.;;;;;;;;;;;;x;
PARTY_NEWS_TITLE_SMALL;새 정당;New Party;;;;;;;;;;;;x;
PARTY_NEWS_SMALL;$STRING_0_2$ $STRING_0_0$ 정당이 $TAG_0_0$ 에서 새롭게 창당되었다. 그들은 모든 가능성에도 불구하고 집권 가능성에 대해 여전히 긍정적이라고 주장했다.;A new $STRING_0_2$ political party, the $STRING_0_0$, has been formed in $TAG_0_0$. They claim to remain optimistic about ever coming to power despite all odds.;;;;;;;;;;;;x;
PROVINCE_NEWS_TITLE_LARGE;$TAG_0_1_UPPER$ 편입!;$TAG_0_1_UPPER$ EXPANDS!;;;;;;;;;;;;x;
PROVINCE_NEWS_LARGE;$STRING_0_0$ 지역을 $TAG_0_1$에 편입했다. $TAG_0_1$ 의 외무부 장관은 '$STRING_0_0$ 지역은 $TAG_0_1$ 의 필수적인 부분'이라며 '$TAG_0_0$ 측이 어떤 주장을 하던간에 이제 우리의 손을 떠나지 않을 것'이라고 밝혔다.;The province of $STRING_0_0$ now belongs to $TAG_0_1$. The foreign minister of $TAG_0_1$ has stated that '$STRING_0_0$ is an integral part of $TAG_0_1$' and that '$TAG_0_0$ has no claim to it now it is back in our rightful hands'.;;;;;;;;;;;;x;
PROVINCE_NEWS_TITLE_MEDIUM;$TAG_0_1_UPPER$ 편입!;$TAG_0_1_UPPER$ EXPANDS!;;;;;;;;;;;;x;
PROVINCE_NEWS_MEDIUM;$STRING_0_0$ 지역을 $TAG_0_1$에 편입했다. $TAG_0_1$ 의 외무부 장관은 '$STRING_0_0$ 지역은 $TAG_0_1$ 의 필수적인 부분'이라고 말했다.;The province of $STRING_0_0$ now belongs to $TAG_0_1$. The foreign minister of $TAG_0_1$ has stated that '$STRING_0_0$ is an integral part of $TAG_0_1$'.;;;;;;;;;;;;x;
PROVINCE_NEWS_TITLE_SMALL;$TAG_0_1$ 편입!;$TAG_0_1$ Expands!;;;;;;;;;;;;x;
PROVINCE_NEWS_SMALL;$STRING_0_0$ 지역을 $TAG_0_1$에 편입했다. $TAG_0_1$ 의 외무부 장관은 인터뷰에서 만족감을 표했다.;The province of $STRING_0_0$ now belongs to $TAG_0_1$. The foreign minister of $TAG_0_1$ looked rather pleased in a recent interview.;;;;;;;;;;;;x;
RESEARCH_NEWS_TITLE_LARGE;$TAG_0_0$ 연구 완료!;$TAG_0_0$ research complete!;;;;;;;;;;;;x;
RESEARCH_NEWS_LARGE;$TAG_0_0$ 과학자는 최근 $STRING_0_1$ 에 대한 연구를 완료했다. 이 획기적인 연구는 $TAG_0_0$ 에 많은 이점을 가져다 주었다. 획기적인 발명품이 이 분야에서 계속 나오기 위해선 $TAG_0_0$ 에서 이후에도 지속적인 투자를 해야 할 것이다.;Scientists in $TAG_0_0$ have recently completed research into $STRING_0_1$. This breakthrough is sure to offer $TAG_0_0$ many advantages in the days to come as further inventions take place in this field.;;;;;;;;;;;;x;
RESEARCH_NEWS_TITLE_MEDIUM;$TAG_0_0$ 연구 완료!;$TAG_0_0$ research complete!;;;;;;;;;;;;x;
RESEARCH_NEWS_MEDIUM;$TAG_0_0$ 과학자는 최근 $STRING_0_1$ 에 대한 연구를 완료했다. 이 획기적인 연구는 $TAG_0_0$ 에 많은 이점을 가져다 주었다. 획기적인 발명품이 이 분야에서 계속 나오기 위해선 $TAG_0_0$ 에서 이후에도 지속적인 투자를 해야 할 것이다.;Scientists in $TAG_0_0$ have recently completed research into $STRING_0_1$. This breakthrough is sure to offer $TAG_0_0$ many advantages in the days to come as further inventions take place in this field.;;;;;;;;;;;;x;
RESEARCH_NEWS_TITLE_SMALL;$TAG_0_0$ 연구 완료!;$TAG_0_0$ research complete!;;;;;;;;;;;;x;
RESEARCH_NEWS_SMALL;$TAG_0_0$ 과학자는 최근 $STRING_0_1$ 에 대한 연구를 완료했다.;Scientists in $TAG_0_0$ have recently completed research into $STRING_0_1$.;;;;;;;;;;;;x;
WAR_NEWS_TITLE_LARGE;$TAG_0_0_UPPER$ 대 $TAG_0_1_UPPER$ 전쟁 발발!;WAR BETWEEN $TAG_0_0_UPPER$ AND $TAG_0_1_UPPER$!;;;;;;;;;;;;x;
WAR_NEWS_LARGE;$DATE_LONG_0$, $TAG_0_0$ 측은 $TAG_0_1$ 측과 전쟁에 돌입했음을 선포했다. $TAG_0_0$ 의 외무부 장관은 기자들의 질문에 $STRING_0_1$ 의 이유를 들어 전쟁을 해야할 필요성을 언급했다. '우리는 이전에 부당하게 요구당했던 것을 되찾고, 이 지역에 평화와 질서를 회복하기 위함' 이라고 답했다. $TAG_0_1$ 에서는 '이 불법적인 침략에 가만히 당하지는 않을 것'이라며 침략을 비난했으며, 국제 사회에 침략자를 규탄하기를 호소했다.;On $DATE_LONG_0$ $TAG_0_0$ announced that a state of war now exists between them and $TAG_0_1$. The foreign minister of $TAG_0_0$, when asked for the reasons war had been declared stated the need to '$STRING_0_1$'. 'We only intend to reclaim what was unjustly claimed before and restore peace and order to the region', he added. 'This unlawful aggression will not stand' his counterpart in $TAG_0_1$ responded, demanding international community to condemn the aggressor. May God have mercy on them all.;;;;;;;;;;;;x;
WAR_NEWS_TITLE_MEDIUM;$TAG_0_0_UPPER$ 전쟁 선포!;$TAG_0_0_UPPER$ GOES TO WAR!;;;;;;;;;;;;x;
WAR_NEWS_MEDIUM;$DATE_LONG_0$, $TAG_0_0$ 측은 $TAG_0_1$ 측과 전쟁상태에 돌입했음을 발표했다. $STRING_0_1$ 의 이유로 전쟁을 선포하였다. $TAG_0_1$ 의 외무부 장관은 '이 불법적인 침략에 가만히 당하지는 않을 것'이라고 답했다.;On $DATE_LONG_0$ $TAG_0_0$ announced that a state of war now exists with $TAG_0_1$. The stated reason for this declaration is to '$STRING_0_1$'. 'This unlawful aggression will not stand' the foreign minister of $TAG_0_1$ commented.;;;;;;;;;;;;x;
WAR_NEWS_TITLE_SMALL;$TAG_0_0_$ 전쟁!;$TAG_0_0_$ at War!;;;;;;;;;;;;x;
WAR_NEWS_SMALL;$DATE_LONG_0$, $TAG_0_0$ 측은 $TAG_0_1$ 측과 전쟁상태에 돌입했음을 발표했다.;On $DATE_LONG_0$ $TAG_0_0$ announced that a state of war now exists with $TAG_0_1$.;;;;;;;;;;;;x;
KEYNAME;TEXT;TEXT;;;;;;;;;;;;x;
